,Country,Year,Carbon Emissions,Education Expenditure,Foreign Direct Investment (FDI) Inflows,GDP,Health Expenditure,Inflation Rate,Internet Penetration,Life Expectancy,Renewable Energy Production,Unemployment Rate
0,AUS,2000,339446.6,4.88731002807617,14892978180.1828,415851284305.721,7.59961653,4.45743514797225,46.75611561,79.2341463414634,8.42,6.28
1,AUS,2001,345645.0,4.88955202102661,10717133150.6924,379358162498.658,7.68272257,4.4071353620147,52.68926643,79.6341463414634,8.37,6.74
2,AUS,2002,353371.3,4.89179401397705,14656321800.5386,395580786940.142,7.87807608,2.98157453936349,55.2669498225,79.9365853658537,8.74,6.37
3,AUS,2003,352581.1,4.89403600692749,8985246029.5004,467497961560.862,7.88292599,2.73259596616783,57.844633215,80.2390243902439,7.15,5.93
4,AUS,2004,365808.0,4.89627799987793,42907672820.3756,614326362213.686,8.09003353,2.34325522482587,60.4223166075,80.490243902439,6.68,5.39
5,AUS,2005,370090.6,4.89851999282837,-25093141435.1896,695328522026.763,7.97402954,2.69183168316831,63.0,80.8414634146341,6.71,5.03
6,AUS,2006,375489.1,4.74065017700195,30551100656.5983,747906558849.955,7.98143196,3.55528773727028,66.0,81.0414634146342,6.85,4.78
7,AUS,2007,385746.1,4.65621995925903,44440090037.7723,854427259166.209,8.05890179,2.32761128891476,69.45,81.2926829268293,6.95,4.38
8,AUS,2008,388935.6,4.63278007507324,45160024270.9395,1055642793196.06,8.25374031,4.35029854990047,71.67,81.3951219512195,6.79,4.23
9,AUS,2009,395289.3,5.08451986312866,28683266147.8801,928626859078.192,8.55233955,1.77111716621252,74.25,81.5439024390244,7.15,5.56
10,AUS,2010,387536.3,5.54303979873657,35210733743.0829,1148610059015.24,8.42325497,2.91834002677376,76.0,81.6951219512195,8.16,5.21
11,AUS,2011,386375.3,5.06995010375977,65554890649.5348,1398405797101.45,8.53956795,3.30385015608744,79.48769771,81.8951219512195,8.32,5.08
12,AUS,2012,386965.7,4.86787986755371,57550426822.6138,1546892142709.84,8.67481709,1.76278015613193,79.0,82.0463414634146,8.29,5.22
13,AUS,2013,380278.3,5.22923994064331,54465480054.6771,1576380424746.08,8.75082779,2.44988864142539,83.45349717,82.1487804878049,9.21,5.66
14,AUS,2014,371633.6,5.1646900177002,63202728079.4529,1467545212521.8,9.84760189,2.48792270531403,84.0,82.3,9.32,6.08
15,AUS,2015,377795.2,5.31583976745605,46892808567.8516,1350615691821.28,10.18361282,1.50836672165921,84.56051491,82.4,9.31,6.05
16,AUS,2016,384991.7,5.28623008728027,42969505135.1666,1206535157956.03,10.09023094,1.27699094497328,86.54,82.4487804878049,9.42,5.71
17,AUS,2017,389163.3,5.13680982589722,48198614234.959,1326516328531.56,10.1257143,1.94864740944522,86.54504885,82.5,9.69,5.59
18,AUS,2018,387066.7,5.12344980239868,60685908478.4727,1428288504767.07,10.07391548,1.91140094445692,90.0,82.7487804878049,9.67,5.3
19,AUS,2019,386526.6,5.13531017303467,38959497519.9391,1392227864397.08,10.22989082,1.61076787290379,93.60991916,82.9,10.13,5.16
20,AUS,2020,386526.6,6.09999990463257,15307363569.8504,1326901059123.21,10.6489954,0.846905537459293,96.39446689,83.2,10.13,6.46
21,AUS,2021,386526.6,6.09999990463257,24789073110.7841,1552667363236.06,10.6489954,2.86391042204995,96.24,83.3,10.13,5.12
22,AUT,2000,63532.3,5.58880996704102,8501013451.2622,197289625479.906,9.20371342,2.34486285357277,33.73013295,78.1268292682927,26.44,4.69
23,AUT,2001,67911.3,5.57547998428345,5689434546.447,197508773215.323,9.26942921,2.65000077279529,39.18545018,78.5756097560976,25.53,4.01
24,AUT,2002,69367.9,5.52213001251221,138346430.7562,214394866675.24,9.3947649,1.81035787764132,36.56,78.6780487804878,24.68,4.85
25,AUT,2003,74461.6,5.36183023452759,6195021861.4636,262273631180.054,9.5472393,1.35555370896445,42.7,78.6317073170732,22.56,4.78
26,AUT,2004,75795.8,5.30243015289307,3183649649.5378,301457562038.541,9.70939922,2.06120618032866,54.28,79.1804878048781,23.17,5.83
27,AUT,2005,76236.6,5.24937009811401,81096089418.116,316092273276.015,9.62702942,2.29913785639285,58.0,79.3317073170732,24.41,5.63
28,AUT,2006,74099.3,5.22652006149292,10500457158.3387,336280064332.411,9.5311327,1.44154851119019,63.6,79.8804878048781,26.64,5.24
29,AUT,2007,71242.5,5.14690017700195,68865787583.4395,389185571506.052,9.53209686,2.16855528800755,69.37,80.1804878048781,28.99,4.86
30,AUT,2008,70729.7,5.26395988464355,6301143681.98324,432051935642.945,9.72564602,3.21595033239883,72.87,80.4317073170732,29.68,4.13
31,AUT,2009,64416.3,5.73024988174438,14300064389.0077,401758735822.211,10.22582531,0.506308827696486,73.45,80.3317073170732,31.31,5.3
32,AUT,2010,69960.0,5.70047998428345,-22007325156.2772,392275107258.667,10.22101879,1.81353438995065,75.17,80.5804878048781,31.15,4.82
33,AUT,2011,68271.5,5.59226989746094,22983942931.9265,431685217367.511,10.02613258,3.28657914875376,78.7399931,80.9829268292683,31.64,4.56
34,AUT,2012,65107.1,5.48040008544922,5218620112.78237,409401816050.531,10.19915581,2.48567562177017,80.02999392,80.9365853658537,34.38,4.87
35,AUT,2013,65747.0,5.54711008071899,451107665.231021,430190979705.962,10.28574848,2.00015616900603,80.6188,81.1365853658537,34.59,5.34
36,AUT,2014,62048.9,5.44761991500854,1712175273.93107,442584815286.034,10.36809158,1.60581182954471,80.99582496,81.490243902439,35.67,5.62
37,AUT,2015,63238.3,5.45658016204834,-7975773543.92081,381971148530.543,10.36746693,0.896563335260302,83.94014193,81.190243902439,34.82,5.72
38,AUT,2016,63684.5,5.4796199798584,-28939340169.025,395837353031.499,10.3522625,0.891591752655335,84.32374257,81.6414634146342,34.64,6.01
39,AUT,2017,65856.3,5.37159013748169,13518864836.2849,417261151844.977,10.38402557,2.08126911385587,87.93558659,81.6439024390244,33.98,5.5
40,AUT,2018,63061.9,5.22452020645142,-28605757320.128,454991174096.102,10.34483242,1.99837981429546,87.47913723,81.6926829268293,34.11,4.85
41,AUT,2019,64766.3,5.21291017532349,-12394032432.5489,444621176100.548,10.47507858,1.53089564152645,87.75220479,81.8951219512195,33.77,4.49
42,AUT,2020,64766.3,5.07000017166138,-11666737766.2068,435225238000.437,11.47426033,1.38191063351859,87.52942813,81.1926829268293,33.77,5.36
43,AUT,2021,64766.3,5.07000017166138,12326601370.8518,480368403893.364,12.17357063,2.76666666666665,92.52915104,81.2390243902439,33.77,6.18
44,BEL,2000,117274.6,5.79585981369019,88738714000.0,236792460312.471,7.99917603,2.54451776190906,29.43169169,77.7219512195122,1.44,6.59
45,BEL,2001,118339.8,5.79585981369019,88203254000.0,236746141604.37,8.14988899,2.46925823086078,31.28839551,77.9731707317073,1.58,6.18
46,BEL,2002,110850.2,5.79585981369019,18118954671.3727,258383599375.177,8.3182106,1.64521436175359,46.33,78.0756097560976,1.68,6.91
47,BEL,2003,115502.1,5.79585981369019,34559267489.7082,318082528506.588,9.16443539,1.58896399970379,49.97,78.1292682926829,1.89,7.68
48,BEL,2004,114022.7,5.79585981369019,44498165771.1404,369214712443.206,9.32808685,2.09728311239314,53.86,78.8780487804878,2.02,7.36
49,BEL,2005,110610.8,5.79585981369019,33662010793.5663,385714762230.039,9.22374916,2.78143263670025,55.82,78.9804878048781,2.46,8.44
50,BEL,2006,108645.6,5.97488657633464,58821552824.3718,408259840868.823,9.12963009,1.79120770070454,59.72,79.380487804878,2.82,8.25
51,BEL,2007,104587.3,6.153913338979089,96551634531.2489,470922156309.453,9.13628769,1.8230563002681,64.44,79.7829268292683,3.34,7.46
52,BEL,2008,106934.1,6.33294010162354,190391844688.587,517328087920.078,9.5951395,4.48944420508401,66.0,79.6804878048781,3.91,6.98
53,BEL,2009,99666.1,6.45809984207153,77354509260.1055,483254171097.812,10.32117939,-0.0531456741253762,70.0,80.0341463414634,4.83,7.91
54,BEL,2010,106722.3,6.44259023666382,125491894873.016,481420882905.001,10.2022934,2.18929920422458,75.0,80.1829268292683,6.22,8.29
55,BEL,2011,96482.2,6.43199014663696,163624381384.584,523330354138.133,10.36337948,3.53208210722744,81.609996,80.5853658536585,6.66,7.14
56,BEL,2012,95270.0,6.25576496124268,11810272330.6797,496152879924.727,10.4796896,2.83966343445897,80.71999055,80.3853658536585,7.67,7.54
57,BEL,2013,96586.3,6.63052988052368,-29640924980.1455,521791015247.06,10.54895115,1.11309594027537,82.1702,80.5878048780488,8.22,8.43
58,BEL,2014,90137.3,6.59046983718872,-15205871357.966,535390200131.018,10.57526302,0.340002833356965,85.0,81.2878048780488,9.13,8.52
59,BEL,2015,95131.8,6.4515700340271,-19514245854.7287,462335574841.484,10.77388,0.561429152790106,85.05294175,80.9926829268293,9.37,8.48
60,BEL,2016,94222.7,6.46173000335693,57538351507.0684,476062757356.927,10.76264191,1.97385264653172,86.51647666,81.4390243902439,9.2,7.83
61,BEL,2017,92723.8,6.42534017562866,-37288840312.4531,502764720556.354,10.75165462,2.12597086002609,87.67968082,81.4926829268293,9.64,7.09
62,BEL,2018,93660.3,6.38137006759644,-41601387266.7493,543299066998.902,10.78789711,2.05316499865181,88.647343,81.5951219512195,10.66,5.95
63,BEL,2019,93008.5,6.33975982666016,-21379939833.4956,535830876745.097,10.6635952,1.43681956996435,90.27542801,81.9951219512195,10.21,5.36
64,BEL,2020,93008.5,6.71000003814697,-24346546463.5301,525211810652.608,11.06453228,0.740791812220385,91.52641629,80.6951219512195,10.21,5.55
65,BEL,2021,93008.5,6.71000003814697,24036812329.7259,594104177539.525,11.06453228,2.44024851144081,92.79,81.890243902439,10.21,6.26
66,CAN,2000,514215.2,5.42331981658936,68303350856.0836,744773415931.587,8.24814415,2.71943995691972,51.3,79.1668292682927,22.04,6.83
67,CAN,2001,506616.0,4.95303010940552,28391098831.3382,738981792355.372,8.62482357,2.52512013979907,60.2,79.3980487804878,21.53,7.22
68,CAN,2002,524353.5,4.99308013916016,24486425376.8819,760649334098.005,8.85670471,2.25839440940856,61.59329927,79.5307317073171,21.77,7.66
69,CAN,2003,544541.9,4.917346795399986,7011792709.04631,895540646634.787,9.01090145,2.75856321360112,64.2,79.7151219512195,21.18,7.57
70,CAN,2004,536417.4,4.841613451639813,1452416545.21802,1026690238278.25,9.06628132,1.85725871857261,65.95596346,79.9921951219512,21.58,7.19
71,CAN,2005,549032.8,4.76588010787964,25552226940.9281,1173108598778.68,9.03540611,2.21355203439764,71.66,80.1126829268293,21.99,6.76
72,CAN,2006,540525.7,4.76614499092102,64302303096.8668,1319264809590.97,9.34210205,2.00202539534156,72.4,80.5436585365854,21.92,6.32
73,CAN,2007,571632.2,4.7664098739624,120451484862.004,1468820407783.26,9.44540119,2.13838399266843,73.2,80.5436585365854,21.84,6.04
74,CAN,2008,550469.8,4.62612009048462,70119614332.5095,1552989690721.65,9.60754967,2.37027067444294,76.7,80.7246341463415,21.91,6.14
75,CAN,2009,521316.0,4.84057998657227,20951090410.3132,1374625142157.29,10.71909046,0.299466803009284,80.3,81.0660975609756,22.5,8.34
76,CAN,2010,537008.2,5.356369972229,29714744325.4741,1617343367486.26,10.70161057,1.77687154092629,80.3,81.3221951219512,21.88,8.06
77,CAN,2011,549286.5,5.26205015182495,38338330427.428,1793326630174.52,10.40782261,2.91213508872355,83.0,81.4826829268293,21.84,7.51
78,CAN,2012,546208.1,4.69258737564087,49368985104.1989,1828366481521.6,10.51472855,1.51567823124521,83.0,81.6636585365854,22.17,7.29
79,CAN,2013,555658.9,4.5890097618103,67027866778.2682,1846597421834.98,10.41469765,0.93829189781521,85.8,81.7448780487805,22.44,7.07
80,CAN,2014,561677.0,4.84358978271484,64174605785.6347,1805749878439.94,10.25806713,1.90663590717873,87.12,81.7843902439025,22.49,6.91
81,CAN,2015,558700.8,4.7393798828125,59986208237.0735,1556508816217.14,10.74362469,1.12524136094279,90.0,81.8156097560976,22.69,6.91
82,CAN,2016,556827.6,4.81642007827759,34201872160.6085,1527994741907.43,11.03318405,1.4287595470108,91.16,81.9248780487805,22.05,7.0
83,CAN,2017,568082.4,4.95996999740601,25357801000.497,1649265644244.09,10.86184978,1.5968841285297,92.70137191,81.8329268292683,22.47,6.34
84,CAN,2018,580088.0,4.8889799118042,42603762048.5971,1725329192783.02,10.84608173,2.268225672481,94.64,81.8439024390244,21.99,5.83
85,CAN,2019,580212.8,4.77293014526367,48942300762.2452,1742015045482.31,10.95021915,1.94926902411596,91.91289669,82.2287804878049,22.11,5.66
86,CAN,2020,580212.8,5.17000007629395,30384551083.2897,1645423407568.36,12.93967533,0.716999632307852,92.3,81.6704878048781,22.11,9.46
87,CAN,2021,580212.8,5.17000007629395,64727018504.1816,1988336331717.42,11.67882252,3.39519318527532,92.83401664,82.5966097560976,22.11,7.46
88,CHE,2000,43708.8,4.64836978912354,23080879762.6769,279216033870.204,9.11401939,1.55852919679006,47.1,79.6804878048781,18.19,2.66
89,CHE,2001,45154.7,4.81137990951538,9765012889.09898,286582672434.226,9.43919373,0.989020329832555,55.1,80.1804878048781,18.72,2.49
90,CHE,2002,43573.3,5.16421985626221,8258050580.1782,309301422430.386,9.85215092,0.64271150654328,61.4,80.3853658536585,18.19,2.92
91,CHE,2003,44839.5,5.36935997009277,19721053893.3922,362075086507.76,10.10937691,0.638272930887213,65.1,80.5365853658537,18.03,4.12
92,CHE,2004,45283.9,5.29307985305786,7102294152.7232,403912891033.374,10.1849556,0.802908730955216,67.8,81.0878048780488,18.1,4.32
93,CHE,2005,45850.7,5.05740022659302,2664910821.00245,418284865884.998,10.004179,1.17195420333701,70.1,81.2365853658537,18.73,4.44
94,CHE,2006,45479.3,4.81757020950317,53760772986.3034,441634672196.523,9.53341675,1.05950928324804,75.7,81.490243902439,18.07,3.99
95,CHE,2007,43541.2,4.55798006057739,48688296542.6701,490740715594.802,9.36357594,0.732350603122241,77.2,81.7414634146342,19.31,3.64
96,CHE,2008,44962.5,4.73192977905273,2990936685.10856,567267767519.158,9.48092842,2.42604117060162,79.2,81.9926829268293,19.55,3.35
97,CHE,2009,43668.6,4.89041996002197,47658570354.7326,554212916092.271,10.06906986,-0.480481936423328,81.3,82.0439024390244,19.97,4.11
98,CHE,2010,45207.8,4.76562976837158,17670735602.9225,598851028906.58,9.94159698,0.688238707220017,83.9,82.2463414634147,20.56,4.81
99,CHE,2011,41192.3,4.815269947052,20764483834.5029,715888126682.396,10.0191288,0.231349207650894,85.19302818,82.6951219512195,20.57,4.41
100,CHE,2012,42516.6,4.85834980010986,39943494321.6384,686420221557.99,10.24875641,-0.692552018105236,85.2,82.6975609756098,21.88,4.49
101,CHE,2013,43531.2,4.8690299987793,-24926465856.5785,706234937370.968,10.46214485,-0.217323155115639,86.34,82.7975609756098,21.83,4.75
102,CHE,2014,39793.3,4.87779998779297,21003091521.7734,726537808338.0,10.6164217,-0.0132025387515987,87.4,83.1975609756098,22.2,4.83
103,CHE,2015,39090.8,4.93844985961914,118752400108.647,694118186379.628,11.00794983,-1.14390867228178,87.4790556,82.8975609756098,23.94,4.8
104,CHE,2016,39666.5,4.92645978927612,166801396968.929,687895460902.713,11.30005455,-0.434618664285843,89.13468774,83.6024390243903,24.1,4.92
105,CHE,2017,38699.0,4.9515700340271,143235966548.555,695200833086.499,11.48099899,0.533787839825886,89.68614767,83.5512195121951,24.99,4.8
106,CHE,2018,37481.3,4.86325979232788,-160387834479.04,725568717468.001,11.38538456,0.936335464113605,91.8,83.7536585365854,24.2,4.71
107,CHE,2019,37376.3,5.09326410293579,8774913614.47833,721369112726.724,11.28695965,0.362886179940635,93.14608695,83.9048780487805,24.76,4.39
108,CHE,2020,37376.3,5.21999979019165,-257336256171.399,739913619797.445,11.79635048,-0.725874933313391,94.34995199,83.0,24.76,4.82
109,CHE,2021,37376.3,5.21999979019165,9312168738.17442,800640155387.26,11.79635048,0.581814168489875,95.57,83.8512195121951,24.76,5.1
110,CHL,2000,50424.5,3.77583003044128,4860015667.52,78249883995.6255,7.03517675,3.8432729570657,16.6,76.87,31.36,10.49
111,CHL,2001,48425.1,3.9285200834274248,4199763048.85,71517080040.6338,7.15104151,3.56910053001465,19.1,76.773,32.15,10.39
112,CHL,2002,49121.4,4.08121013641357,2549923142.41108,70294892400.0639,7.26602364,2.48939816650703,22.1,77.445,33.07,10.17
113,CHL,2003,50200.6,3.96345996856689,4026497832.75699,76507577234.5965,7.33330393,2.81017875743615,25.47377889,77.387,31.62,9.77
114,CHL,2004,54972.1,3.53838992118835,6797252642.36959,99079230169.6389,6.90114975,1.05473871403516,28.17791012,77.616,31.44,10.16
115,CHL,2005,55968.9,3.26283001899719,7462207179.80944,122314960843.922,6.58871555,3.05257621387848,31.17534703,78.016,32.26,9.34
116,CHL,2006,57148.1,3.02152991294861,7586190389.76648,153840051814.059,6.03516722,3.39201733699404,34.49775117,78.261,32.91,9.02
117,CHL,2007,64574.0,3.21378993988037,13474760472.5025,172565850839.158,6.17537546,4.40779938398046,35.9,77.826,30.46,8.43
118,CHL,2008,67991.6,3.79242992401123,18473102612.1039,179663403196.985,6.74047947,8.7162687303961,37.3,78.484,30.83,9.29
119,CHL,2009,65450.6,4.23064994812012,13855126064.8962,171412642047.328,7.20918465,0.353045178360941,41.56,78.741,31.53,11.31
120,CHL,2010,69750.1,4.16208982467651,16019683111.6555,217105420016.533,6.77489376,1.41071107954318,45.0,78.501,27.04,8.41
121,CHL,2011,76470.5,4.04518985748291,25564944876.5765,251224856981.294,6.7717886,3.34121694259299,52.24960729,79.11,28.79,7.32
122,CHL,2012,78412.6,4.54170417785645,31801970676.0608,267175872540.066,7.02092028,3.00744840213049,55.05,79.023,30.31,6.64
123,CHL,2013,82998.5,4.52942991256714,21120756844.0181,277239461340.404,7.44478321,1.78955553984587,58.0,79.339,30.23,6.2
124,CHL,2014,76560.3,4.73094987869263,25527831848.9546,259405202008.001,7.80729866,4.71867527854671,61.11,79.473,26.95,6.65
125,CHL,2015,82225.4,4.87530994415283,17766285629.0926,242496649874.236,8.30269146,4.3487735321705,76.62959195,79.746,25.07,6.49
126,CHL,2016,86492.0,5.34201002120972,11362832162.4891,249298719723.108,8.51866722,3.78619355893115,83.55858602,80.079,24.55,6.73
127,CHL,2017,87072.2,5.41966009140015,5237183518.21249,276364933679.626,9.06854153,2.18271846868523,82.32748693,80.35,24.11,6.95
128,CHL,2018,86606.1,5.43316984176636,7942631935.04886,295402652037.155,9.15850353,2.43488981353058,84.9,80.133,25.46,7.21
129,CHL,2019,91369.4,5.61812019348145,13579090978.7599,278584733103.01,9.33272266,2.55754475703323,85.01758384,80.326,25.26,7.27
130,CHL,2020,91369.4,5.61812019348145,9205260158.62042,252727193710.018,9.75300503,3.04549084804331,86.37099516,79.377,25.26,11.14
131,CHL,2021,91369.4,5.61812019348145,15251537925.0518,317058508651.76,9.09627819,4.52456838259136,90.19336882,78.944,25.26,9.35
132,DEU,2000,830284.1,4.2939600944519,248007397121.859,1947981991011.77,9.8881979,1.44026838719736,30.2163466,77.9268292682927,3.7,7.92
133,DEU,2001,847678.2,4.2939600944519,56948542386.9091,1945790973803.15,9.92069149,1.98385731334476,31.65093942,78.3292682926829,3.9,7.77
134,DEU,2002,833382.2,4.2939600944519,51268214890.6254,2078484517474.51,10.18365669,1.42080615551521,48.82,78.2292682926829,4.41,8.48
135,DEU,2003,836794.5,4.2939600944519,65401516009.2493,2501640388482.35,10.40202236,1.03422218628564,55.9,78.3804878048781,5.44,9.78
136,DEU,2004,821073.6,4.2939600944519,-20408419557.1429,2814353869359.08,10.14603233,1.66573696655992,64.73,78.6804878048781,6.34,10.73
137,DEU,2005,802383.2,4.2939600944519,59835195025.1917,2846864211175.1,10.31153965,1.54691114751329,68.71,78.9317073170732,7.28,11.17
138,DEU,2006,814413.1,4.2939600944519,87444159239.0628,2994703642023.53,10.17995167,1.57742642840567,72.16,79.1317073170732,8.59,10.25
139,DEU,2007,783803.0,4.36679983139038,50847183837.0148,3425578382921.58,10.05132961,2.29834400700947,75.16,79.5341463414634,10.47,8.66
140,DEU,2008,789690.4,4.43594980239868,30954735498.025,3745264093617.19,10.25128746,2.62837981637219,78.0,79.7365853658537,10.25,7.52
141,DEU,2009,734805.5,4.90951013565063,56701916794.97,3411261212652.34,11.23791218,0.312739007368458,79.0,79.8365853658537,10.72,7.74
142,DEU,2010,773069.1,4.94367980957031,86037502102.1645,3399667820000.01,11.09592915,1.10381037789263,82.0,79.9878048780488,11.61,6.97
143,DEU,2011,746477.3,4.82487010955811,97535403952.5493,3749314991050.59,10.77848625,2.07517283735872,81.26999954,80.4365853658537,12.54,5.82
144,DEU,2012,760127.7,4.95658016204834,65443087632.2705,3527143188785.16,10.85349178,2.00848884782951,82.34999847,80.5390243902439,13.64,5.38
145,DEU,2013,776151.8,4.93538999557495,67199694458.9368,3733804649549.03,10.99848843,1.50472330251883,84.17,80.490243902439,13.63,5.23
146,DEU,2014,736011.7,4.92102003097534,19488312315.4148,3889093051023.52,11.02219391,0.90679400043421,86.19,81.090243902439,14.02,4.98
147,DEU,2015,742314.4,4.85515022277832,62422464518.9406,3357585719351.56,11.18386841,0.514426137125476,87.58979935,80.6414634146341,14.55,4.62
148,DEU,2016,747147.2,4.83923006057739,64707795193.3633,3469853463945.53,11.23263836,0.491747008445241,84.16520664,80.990243902439,14.24,4.12
149,DEU,2017,732204.2,4.87182998657227,109505815446.82,3690849152517.65,11.32420826,1.50949485109622,84.3941537,80.9926829268293,15.22,3.75
150,DEU,2018,707700.7,4.97576999664307,166868434546.667,3974443355019.6,11.45727539,1.73216879766946,87.03711209,80.8926829268293,16.12,3.38
151,DEU,2019,657401.0,5.11664009094238,71679659388.9599,3888226035921.56,11.69622993,1.44565976888251,88.13451691,81.2926829268293,17.17,3.14
152,DEU,2020,657401.0,4.65999984741211,142778529123.296,3889668895299.62,12.82248878,0.144877925813972,89.81294133,81.0414634146342,17.17,3.86
153,DEU,2021,657401.0,4.65999984741211,73654317282.4669,4259934911821.64,12.80539513,3.06666666666666,91.43060973,80.9009756097561,17.17,3.57
154,DNK,2000,52601.8,8.08434009552002,36013297907.195,164158739097.623,8.10438347,2.90328203236457,39.17243086,76.5926829268293,10.73,4.48
155,DNK,2001,54245.2,8.21545028686523,9286404805.96887,164791442543.375,8.44832516,2.33787000255261,42.95752472,76.7926829268293,11.12,4.16
156,DNK,2002,53839.5,8.2130298614502,4430703178.95052,178635163717.431,8.70251179,2.42443661219694,64.25,76.8951219512195,11.86,4.27
157,DNK,2003,59233.8,8.12193012237549,1184825159.91313,218096033517.009,8.9036293,2.07507820646504,76.26,77.1439024390244,12.72,5.4
158,DNK,2004,53727.3,8.2076301574707,-8804165491.1002,251373002954.382,9.00743198,1.15435693124937,80.93,77.4926829268293,14.44,5.2
159,DNK,2005,50201.7,8.08557033538818,12847031342.3671,264467336457.17,9.0905695,1.81781458291257,82.74,77.8439024390244,16.12,4.83
160,DNK,2006,58133.9,7.72990989685059,2385249288.38419,282884947702.966,9.16879559,1.92422138464588,86.65,78.0951219512195,15.26,3.9
161,DNK,2007,53411.3,7.61560010910034,11809448518.2128,319423424509.066,9.3251543,1.69326586220319,85.03,78.1951219512195,17.69,3.8
162,DNK,2008,50127.5,7.47604990005493,2191215665.76653,353361038818.383,9.51134396,3.41626794258375,85.02,78.4463414634146,18.54,3.68
163,DNK,2009,47933.4,8.44888019561768,3771059440.08035,321241303699.006,10.67432022,1.30470991024336,86.84,78.5975609756098,19.33,6.41
164,DNK,2010,48124.7,8.55955028533936,-11767861925.0632,321995279401.502,10.60774708,2.31092436974789,88.72,79.1,21.2,7.75
165,DNK,2011,43097.9,8.48486042022705,13558894634.3461,344003137611.271,10.40702915,2.75868226051246,89.81001339,79.8,23.83,7.77
166,DNK,2012,38216.1,7.23782014846802,-16349825685.2634,327148943812.137,10.5219717,2.39791485664639,92.26001172,80.0512195121951,26.93,7.8
167,DNK,2013,39960.6,8.49442958831787,680338945.938662,343584391647.927,10.32915878,0.789071780078061,94.6297,80.3,27.05,7.38
168,DNK,2014,35819.6,7.634850025177,6577348986.65252,352993631617.708,10.30918217,0.564020540449518,95.99,80.7,30.18,6.93
169,DNK,2015,33695.4,7.01041460037231,1850770714.86075,302673070846.857,10.34411812,0.452034153691623,96.33050162,80.7024390243902,32.89,6.28
170,DNK,2016,35321.7,7.4769401550293,7804020827.15213,313115929314.339,10.25162029,0.249999999999997,96.96778525,80.8536585365854,32.17,5.99
171,DNK,2017,33132.2,7.75243997573853,3607276299.51791,332121063806.391,10.09825516,1.14713216957606,97.09936216,81.1024390243903,35.2,5.83
172,DNK,2018,33131.2,6.79277992248535,8764023726.34583,356841216410.068,10.09764194,0.813609467455633,97.31920437,80.9536585365854,34.67,5.13
173,DNK,2019,29696.2,6.88857984542847,-3801733788.9774,346498737961.635,10.12139606,0.758131572511619,98.04643475,81.4512195121951,37.52,5.02
174,DNK,2020,29696.2,6.38000011444092,1582721537.00509,355222449505.211,10.52817535,0.420711974110026,96.54914573,81.6024390243903,37.52,5.64
175,DNK,2021,29696.2,6.38000011444092,14707994986.8615,398303272764.46,10.84632206,1.85304543989687,98.8658506,81.4048780487805,37.52,5.06
176,ESP,2000,293314.3,4.16604995727539,40509751188.4293,598363313494.903,6.7992177,3.43351563418762,13.62496081,78.9658536585366,7.88,13.79
177,ESP,2001,294786.8,4.1112699508667,28909416991.4693,627830029412.205,6.76895761,3.58983413338114,18.14872269,79.3682926829268,8.93,10.35
178,ESP,2002,312753.3,4.13457012176514,39359708554.1526,708756677088.629,6.80052757,3.0656568590222,20.39,79.5682926829268,7.42,11.15
179,ESP,2003,318657.7,4.1734299659729,30744905690.6608,907491523174.116,7.563272,3.03888839396654,39.93,79.619512195122,8.92,11.28
180,ESP,2004,335560.3,4.15785980224609,25268192650.5771,1069055675273.75,7.65842772,3.03924881090927,44.01,79.8707317073171,8.05,11.09
181,ESP,2005,350499.8,4.14432001113892,27007774843.3639,1153715822717.51,7.73191881,3.36881409750382,47.88,80.1707317073171,7.3,9.15
182,ESP,2006,341776.3,4.1848201751709,32927841460.4151,1260398977831.76,7.8290596,3.51557576832125,50.37,80.8219512195122,8.49,8.45
183,ESP,2007,354683.1,4.25404977798462,68229666915.1456,1474002579820.0,7.9186573,2.78679745804947,55.11,80.8731707317073,9.02,8.23
184,ESP,2008,324274.2,4.52805995941162,74088629877.4064,1631863493552.34,8.38226032,4.07534335957341,59.6,81.1756097560976,9.76,11.25
185,ESP,2009,287490.3,4.91200017929077,9549813317.16403,1491472923706.64,9.10764217,-0.287813083535237,62.4,81.4756097560976,12.25,17.86
186,ESP,2010,273254.2,4.85608005523682,36609340306.4933,1422108199783.34,9.11891174,1.79986457728766,65.8,81.6268292682927,14.44,19.86
187,ESP,2011,274396.8,4.8969202041626,26832032514.6508,1480710495710.12,9.16797066,3.19610188833788,67.08999939,82.4756097560976,14.79,21.39
188,ESP,2012,269265.6,4.4693398475647,20848479095.5802,1324750738725.0,9.15419865,2.44612782366812,69.80999994,82.4268292682927,15.83,24.79
189,ESP,2013,242805.6,4.35101985931396,47373243838.9588,1355579535912.55,9.06693172,1.40858109183012,71.635,83.0780487804878,16.99,26.09
190,ESP,2014,240960.8,4.30338001251221,32943256862.6093,1371820537888.62,9.08897781,-0.151114837527181,76.19,83.2292682926829,17.41,24.44
191,ESP,2015,256283.1,4.28657007217407,23037070821.4533,1196156971279.69,9.12642574,-0.500365709903282,78.68963187,82.8317073170732,16.33,22.06
192,ESP,2016,247033.3,4.22764015197754,44253339407.6722,1233554967011.68,8.95201397,-0.202598000426425,80.56133294,83.3292682926829,17.21,19.64
193,ESP,2017,263450.5,4.20777988433838,31565354023.7855,1313245330197.65,8.94976807,1.95607633363964,84.6022457,83.2829268292683,15.71,17.22
194,ESP,2018,257042.8,4.18157005310059,58626179994.9911,1421702715218.04,9.00140381,1.67498136863794,86.10723553,83.4317073170732,17.42,15.25
195,ESP,2019,239977.8,4.23408985137939,25880652698.1596,1394320055129.41,9.13947964,0.699518994458693,90.71866533,83.8317073170732,17.27,14.1
196,ESP,2020,239977.8,4.59000015258789,36630335495.6506,1276962685648.25,10.71374989,-0.322753017299705,93.20564892,82.3317073170732,17.27,15.53
197,ESP,2021,239977.8,4.59000015258789,43909506910.5327,1427380681294.55,10.71374989,3.09313511976406,93.9,83.1780487804878,17.27,14.78
198,FIN,2000,55097.5,5.70930004119873,13502068644.6076,126019543413.334,7.09253168,3.04210080667796,37.24846174,77.4658536585366,31.68,11.13
199,FIN,2001,61088.1,5.84025001525879,3224710299.84937,129533107311.811,7.25090456,2.57844080098894,43.10536335,77.9658536585366,29.25,10.29
200,FIN,2002,63439.7,6.01677989959717,8094575465.08978,140404460203.138,7.62769508,1.57122012789382,62.43,78.119512195122,29.52,10.42
201,FIN,2003,71708.1,6.16743993759155,5965369887.32256,171652458349.411,7.9380517,0.877440386254743,69.22,78.3682926829268,28.35,10.47
202,FIN,2004,67682.9,6.15757989883423,6777097341.61981,197479443979.151,8.05912876,0.187120559084453,72.39,78.7146341463415,31.1,10.36
203,FIN,2005,55460.2,6.02507019042969,10867806670.7033,204885494686.381,8.28795624,0.623874450025199,74.48,78.8170731707317,31.52,8.38
204,FIN,2006,67024.9,5.92838001251221,4638725790.33102,217089269791.764,8.2841177,1.56666380704384,79.66,79.2146341463415,31.25,7.72
205,FIN,2007,65102.7,5.67125988006592,21979356204.6661,256378067752.158,8.08359432,2.51066565240339,80.78,79.2634146341464,31.8,6.85
206,FIN,2008,56660.1,5.83010005950928,19406664159.1787,285716311136.719,8.34310627,4.06595355358378,83.67,79.5682926829268,34.61,6.37
207,FIN,2009,54180.9,6.45955991744995,-8825823233.80559,253497520828.515,9.16122341,-9.17360403259616e-07,82.49,79.719512195122,32.46,8.25
208,FIN,2010,62526.4,6.50444984436035,12221008932.1759,249424310816.667,9.14202785,1.1841352315465,86.89,79.8707317073171,33.43,8.39
209,FIN,2011,55123.4,6.44504976272583,-6008001205.17501,275604356167.316,9.22303009,3.41680754255211,88.70999491,80.4707317073171,35.14,7.78
210,FIN,2012,49408.1,7.14803981781006,4931090894.98296,258290060227.734,9.5857954,2.80833622561575,89.87999797,80.6268292682927,38.72,7.69
211,FIN,2013,50191.3,7.12404012680054,-4922279528.51917,271362405890.589,9.80534649,1.47828615688804,91.5144,80.9756097560976,38.52,8.19
212,FIN,2014,46161.7,7.10236978530884,17528599997.1113,274862826772.156,9.78115082,1.04119621178439,86.53039275,81.1804878048781,41.25,8.66
213,FIN,2015,42815.4,7.03208017349243,17485137455.9981,234534382384.766,9.64523888,-0.207928839905218,86.42213333,81.4804878048781,43.23,9.38
214,FIN,2016,45700.3,6.85153007507324,5124075140.91557,240771351298.833,9.37796021,0.356684500891696,87.70364996,81.4292682926829,42.4,8.82
215,FIN,2017,43015.4,6.36311006546021,17149122038.4329,255647979916.471,9.12670135,0.754015047084413,87.46892907,81.6317073170732,44.48,8.64
216,FIN,2018,44581.3,6.27542018890381,-10571698824.8262,275708001767.843,9.04490948,1.08382098409299,88.88996,81.7341463414634,44.17,7.36
217,FIN,2019,40706.8,6.41710996627808,15611668561.8503,268514916972.549,9.17165565,1.02409392963429,89.60738511,81.9829268292683,45.76,6.69
218,FIN,2020,40706.8,5.88000011444092,-2487590239.30074,271891788362.647,9.61349583,0.290554555653313,92.17027106,81.9317073170732,45.76,7.76
219,FIN,2021,40706.8,5.88000011444092,23869274273.1603,297301883523.251,9.61349583,2.19457432339993,92.80806082,81.9341463414634,45.76,7.61
220,FRA,2000,373116.8,5.65859603881836,41389082664.7628,1365639660792.16,9.58447742,1.6759598872093,14.30792394,79.0560975609756,9.32,10.22
221,FRA,2001,376727.3,5.65859603881836,50142053918.8909,1377657339291.34,9.7056284,1.63478079549599,26.32590355,79.1585365853659,9.46,8.61
222,FRA,2002,371018.2,5.65859603881836,51550483853.8509,1501409382971.38,10.02218628,1.9234122872706,30.18,79.2609756097561,8.73,8.7
223,FRA,2003,376705.7,5.65859603881836,42350800678.3509,1844544792036.86,10.08283424,2.09847219146922,36.14,79.1146341463415,8.91,8.31
224,FRA,2004,377785.5,5.65859603881836,35608535812.8719,2119633181634.37,10.16429329,2.14208964640242,39.15,80.1634146341463,8.95,8.91
225,FRA,2005,380655.1,5.65859603881836,85137061931.2536,2196945232435.8,10.2148447,1.74586936380481,42.87,80.1634146341463,8.66,8.49
226,FRA,2006,371547.0,5.65859603881836,78957053786.1349,2320536221304.7,10.38566494,1.67512449608728,46.87,80.8121951219512,8.52,8.45
227,FRA,2007,362828.2,5.65859603881836,83777598395.4499,2660591246211.77,10.31564426,1.48799805953858,66.09,81.1121951219512,9.46,7.66
228,FRA,2008,357990.2,5.65859603881836,67997446904.9733,2930303780828.12,10.50084686,2.81286194914787,70.68,81.2146341463415,10.6,7.06
229,FRA,2009,343733.5,5.65859603881836,18422928061.9131,2700887366932.03,11.28756237,0.0876204781574529,71.58,81.4146341463415,11.32,8.74
230,FRA,2010,347778.1,5.65859603881836,38889439213.3126,2645187882116.67,11.22560215,1.53112270420924,77.28,81.6634146341463,11.99,8.87
231,FRA,2011,335139.7,5.48298311233521,44205811126.5792,2865157541994.17,11.18497562,2.11159795174997,77.81999899,82.1146341463415,10.66,8.81
232,FRA,2012,338418.6,5.45646715164185,32944663317.8722,2683671716967.19,11.29740047,1.95419531613507,81.44,81.9682926829268,12.34,9.4
233,FRA,2013,338555.7,5.50037813186646,31589283790.5549,2811876903329.03,11.40466881,0.863715497861826,81.9198,82.219512195122,13.42,9.92
234,FRA,2014,306100.5,5.51206302642822,5804878132.66635,2855964488590.19,11.53414917,0.507758822937957,83.75,82.719512195122,13.2,10.29
235,FRA,2015,311300.8,5.46423482894897,42825414105.9409,2439188643162.5,11.44077206,0.0375143805125363,78.00603771,82.3219512195122,13.34,10.35
236,FRA,2016,313921.8,5.41906690597534,32803666728.594,2472964344587.17,11.48530769,0.183334861123848,79.26981132,82.5731707317073,14.24,10.05
237,FRA,2017,317828.8,5.45160007476807,35868111746.0373,2595151045197.65,11.35755825,1.03228275064674,80.50245972,82.5756097560976,14.12,9.41
238,FRA,2018,307049.9,5.40716981887817,77493098693.2378,2790956878746.66,11.21255589,1.85081508315494,82.04318678,82.6756097560976,15.21,9.02
239,FRA,2019,300515.6,5.35443019866943,53499337503.7413,2728870246705.88,11.09835148,1.10825492288292,83.33974409,82.8268292682927,15.53,8.41
240,FRA,2020,300515.6,5.5,14725353075.83,2639008701648.26,12.20504951,0.476498852725083,84.70640914,82.1756097560976,15.53,8.01
241,FRA,2021,300515.6,5.5,88427620691.4788,2957879759263.52,12.20504951,1.64233141038392,86.09548575,82.3243902439024,15.53,7.86
242,GBR,2000,530888.0,4.0231499671936,164130335444.123,1666126494174.61,7.19114876,1.18295624210404,26.82175435,77.7414634146342,0.96,5.56
243,GBR,2001,545262.0,4.10855007171631,56090924808.7938,1648658413703.76,7.39209652,1.53234960272418,33.48109487,77.9926829268293,0.85,4.7
244,GBR,2002,530785.7,4.6285400390625,89760582753.2235,1785843824940.05,7.70158529,1.52040245947458,56.48,78.1439024390244,0.97,5.04
245,GBR,2003,543036.9,4.80573987960815,36011240472.8341,2056612244897.96,8.07401752,1.3765003854201,64.82,78.4463414634146,0.93,4.81
246,GBR,2004,543075.7,4.72940015792847,87059621382.2839,2422958623214.94,8.32724667,1.39039756680426,65.61,78.7463414634146,1.14,4.59
247,GBR,2005,540916.8,4.92918014526367,252653397148.111,2544805454545.45,8.3883543,2.08913649025072,70.0,79.0487804878049,1.35,4.75
248,GBR,2006,542060.7,4.97325992584229,203636431868.244,2709911683532.66,8.62720299,2.45566166439288,68.82,79.2487804878049,1.55,5.35
249,GBR,2007,530502.3,4.90883016586304,209514959646.908,3092821128451.38,8.60300064,2.38656150773328,75.09,79.4487804878049,1.84,5.26
250,GBR,2008,515335.5,4.88497018814087,253454117907.322,2931501838235.29,9.02258778,3.52140856342537,78.39,79.6,2.79,5.62
251,GBR,2009,466492.3,5.04631996154785,14547108445.0914,2417638261411.43,10.03383827,1.96173173560107,83.56,80.0512195121951,3.38,7.54
252,GBR,2010,482441.2,5.66824007034302,66734551294.0913,2491397494467.95,9.95166206,2.49265472467065,85.0,80.4024390243902,3.67,7.79
253,GBR,2011,445591.6,5.55959987640381,27012050072.3452,2666403005061.42,9.91592121,3.85611244682819,85.37999855,80.9512195121951,4.44,8.04
254,GBR,2012,467780.3,5.6596040725708,46750789727.7264,2706340967030.68,9.93235588,2.57323479654528,87.47999842,80.9048780487805,4.77,7.88
255,GBR,2013,453761.3,5.50078010559082,54473175400.2415,2786315215249.95,9.84154701,2.29166666666666,89.8441,81.0048780487805,6.02,7.52
256,GBR,2014,415599.3,5.56450986862183,58890445252.714,3065223279583.79,9.82684326,1.45112016293279,91.61,81.3048780487805,7.36,6.11
257,GBR,2015,401078.5,5.51411008834839,45333483122.0899,2934857946213.47,9.75462151,0.368046842325369,92.00029987,80.9560975609756,8.61,5.3
258,GBR,2016,380811.8,5.37532997131348,324813224213.021,2699659680997.2,9.69526958,1.00841736811403,94.77580063,81.1560975609756,8.6,4.81
259,GBR,2017,367002.4,5.38499021530151,125358809934.121,2683399006715.79,9.58797741,2.55775577557754,90.42455049,81.2560975609756,9.7,4.33
260,GBR,2018,360734.7,5.16799020767212,-25055440306.9073,2878152147315.82,9.65815544,2.29283990345939,90.69200899,81.2560975609756,10.99,4.0
261,GBR,2019,348921.9,5.20774984359741,19790761929.1277,2857057847953.02,9.87480068,1.73810460086511,92.51662855,81.4048780487805,12.24,3.74
262,GBR,2020,348921.9,5.53000020980835,132476034789.015,2704609160088.15,11.97759342,0.98948670377243,94.81820132,80.3512195121951,12.24,4.472
263,GBR,2021,348921.9,5.53000020980835,5922252759.15616,3131377762925.95,11.93908691,2.51837109614205,96.68023657,80.7,12.24,4.826
264,GRC,2000,94460.6,3.23019003868103,-8195469.28845516,130457756628.436,7.24332571,3.15118162493827,9.138837308,77.8878048780488,7.82,11.24
265,GRC,2001,96607.8,3.36457991600037,2001266.56220201,136309295225.34,7.9878397,3.37396832213867,10.93502581,78.3878048780488,7.11,10.46
266,GRC,2002,96596.2,3.42430996894836,34180546.5370639,154564203586.954,8.23377991,3.62935871878871,14.67,78.6414634146341,7.33,9.98
267,GRC,2003,100216.6,3.42933988571167,1408086698.62351,202370140236.265,8.44915581,3.53065027765554,17.8,78.8414634146341,7.6,9.41
268,GRC,2004,99844.6,3.66719007492065,2147927926.7584,240963562236.127,8.0939045,2.89884810758168,21.42,79.0390243902439,7.85,10.31
269,GRC,2005,101947.3,3.96395993232727,688484256.649083,247875422204.414,8.56466961,3.54507273335083,24.0,79.2390243902439,8.01,9.99
270,GRC,2006,100702.8,3.992294216156006,5411403362.23117,273546728473.073,8.25866985,3.19594684144545,32.25,79.4390243902439,8.51,9.01
271,GRC,2007,104309.9,4.020628499984742,1957124444.19442,318902829550.733,8.39808273,2.89500321516574,35.88,79.4390243902439,8.05,8.4
272,GRC,2008,100405.6,4.048962783813478,5733447473.24928,355908689477.445,8.82774162,4.15279708110295,38.2,79.9390243902439,8.32,7.76
273,GRC,2009,94740.2,4.077297067642214,2766296835.47185,331308500253.274,9.40688515,1.2100726919781,42.4,80.1878048780488,9.19,9.62
274,GRC,2010,87578.5,4.10563135147095,532926980.500431,297124961971.501,9.59662342,4.71298907760393,44.4,80.3878048780488,11.37,12.71
275,GRC,2011,84547.2,4.43512725830078,1092191387.83039,282995942006.557,9.19330311,3.3298532335065,51.64999517,80.7317073170732,11.38,17.86
276,GRC,2012,80085.3,4.51454973220825,1662090329.838,242029307133.408,8.92415524,1.50152696177748,55.06999344,80.6341463414634,14.17,24.44
277,GRC,2013,72484.2,4.47595977783203,2945271844.68569,238907690051.13,8.43796444,-0.921269454256898,59.8663,81.2853658536585,16.61,27.47
278,GRC,2014,69548.7,4.28700971603394,2697339246.05447,235458133124.608,7.8914113,-1.31226096405516,63.21,81.3853658536585,16.41,26.49
279,GRC,2015,68010.2,3.66139006614685,1268938505.86333,195683527003.375,8.22004509,-1.73588804765278,66.83495949,81.0365853658537,17.47,24.9
280,GRC,2016,66848.6,3.97024154663086,2698544612.16074,193148146586.933,8.44874573,-0.825653978391008,69.08791547,81.3878048780488,16.41,23.54
281,GRC,2017,66795.5,3.47708988189697,3439131879.75517,199844406013.531,8.13515854,1.12125452031427,69.89297065,81.2878048780488,16.38,21.49
282,GRC,2018,65021.2,3.59734010696411,4025447788.57703,212049447242.111,8.12024307,0.625621413453588,72.23837339,81.7878048780488,17.86,19.29
283,GRC,2019,59996.8,3.58803009986877,4999635989.53693,205257014892.502,8.20262337,0.25300752203812,75.67120669,81.6390243902439,18.51,17.31
284,GRC,2020,59996.8,4.44000005722046,3303648833.22836,188925995936.807,9.50820732,-1.24798355581408,78.11584474,81.2878048780488,18.51,16.31
285,GRC,2021,59996.8,4.44000005722046,6132475888.3553,214873879833.648,9.50820732,1.22382501019855,78.49426371,80.1829268292683,18.51,14.71
286,HUN,2000,54633.3,4.86840009689331,2747712559.81382,47218405892.4258,6.77804327,9.80361016908127,6.999676351,71.2463414634146,5.17,6.56
287,HUN,2001,56280.4,4.9310097694397,4058819560.69834,53749989092.0197,6.82614756,9.11680911680913,14.5285543,72.2487804878049,5.12,5.67
288,HUN,2002,55599.9,5.17923021316528,3643428379.51995,67608919144.3684,7.1210165,5.26544821583986,16.67,72.3487804878049,5.17,5.61
289,HUN,2003,58186.9,5.79115009307861,4157510420.33352,85285062818.0077,8.11923504,4.66101694915256,21.63,72.3,5.01,5.79
290,HUN,2004,56349.8,5.32658004760742,4538099567.15789,104120820258.669,7.7565484,6.74434679569463,27.74,72.6487804878049,4.63,5.83
291,HUN,2005,55921.2,5.31888008117676,27489690204.0215,113211158292.936,7.98271132,3.56151711378355,38.97,72.6487804878049,7.29,7.19
292,HUN,2006,55457.5,5.28811979293823,18678720024.6862,115715618613.052,7.77566671,3.93032603841,47.06,73.0975609756098,7.86,7.49
293,HUN,2007,53850.4,5.13345003128052,70631297038.9164,140186716681.425,7.2018342,7.95874516544909,53.3,73.1512195121951,9.0,7.41
294,HUN,2008,53014.2,4.96611022949219,75107772943.2045,158325614580.628,7.08621168,6.0425125388106,61.0,73.7024390243903,8.96,7.82
295,HUN,2009,47839.1,4.94466018676758,-2792080129.12211,131069255620.567,7.21973991,4.21171171171172,62.0,73.9048780487805,12.29,10.03
296,HUN,2010,47880.5,4.72175979614258,-20770280260.78,132175349953.713,7.44544077,4.85555795691951,65.0,74.2073170731707,13.46,11.17
297,HUN,2011,46907.3,4.56132984161377,10740966550.9834,141942264554.475,7.4782691,3.92992098935075,68.01998789,74.8585365853659,14.74,11.03
298,HUN,2012,43427.2,4.14111995697021,10815928328.3018,128814279315.132,7.40815496,5.65214517088651,70.57999815,75.0634146341463,16.47,11.0
299,HUN,2013,40762.6,4.18772983551025,-3586600504.51759,135684315697.713,7.23183966,1.73319984983107,72.6439,75.5658536585366,17.18,10.18
300,HUN,2014,40625.2,4.6003999710083,13060104658.7999,141033843265.669,7.04440498,-0.227566270988384,75.65319745,75.7634146341463,15.72,7.73
301,HUN,2015,43384.1,4.49410009384155,-5266437314.96472,125174166987.372,6.85204268,-0.0616446800641176,72.83473703,75.5682926829269,15.6,6.81
302,HUN,2016,44248.4,4.61454010009766,69681210262.328,128609822750.039,6.98634624,0.394769306686402,79.25941213,76.0634146341464,15.34,5.11
303,HUN,2017,46435.2,4.61409997940063,-12133055292.6452,143112196040.326,6.73819399,2.34824281150159,76.75054712,75.8170731707317,14.54,4.16
304,HUN,2018,46396.0,4.62282991409302,-64364899191.4145,160564628963.713,6.5753026,2.85024792594642,76.07436064,76.0658536585366,13.58,3.71
305,HUN,2019,46382.3,4.23763990402222,98701757632.0396,163988594921.902,6.29731894,3.3385863538201,80.37169361,76.3195121951219,13.64,3.42
306,HUN,2020,46382.3,4.76000022888184,167560108496.545,157182045260.23,7.25031424,3.3267438576673,84.77115202,75.5682926829269,13.64,4.25
307,HUN,2021,46382.3,4.76000022888184,29344742755.7049,181848022233.89,7.25031424,5.11096534382858,88.64083466,74.4658536585366,13.64,4.05
308,IRL,2000,42533.5,4.13225984573364,25779436152.5705,100207610429.909,5.89902735,5.59071729957807,17.85046724,76.5365853658537,2.04,4.32
309,IRL,2001,44815.3,4.08749008178711,9650920349.706,109346669229.695,6.39249372,4.87290487290487,23.13881219,77.1341463414634,1.97,3.68
310,IRL,2002,43929.8,4.10487985610962,29323796527.2223,128596035288.401,6.67263031,4.614733276884,25.85,77.6341463414634,2.25,4.22
311,IRL,2003,44086.8,4.20493984222412,22781292817.2057,164670771259.602,7.00761414,3.49048968029138,34.31,78.1390243902439,2.01,4.48
312,IRL,2004,44687.6,4.48296022415161,-10607612697.3484,194372115041.065,7.21972942,2.19962850718543,36.99,78.5390243902439,2.31,4.49
313,IRL,2005,46650.5,4.51898002624512,47001243614.0878,211876989655.907,7.64242792,2.42969198392961,41.61,78.9439024390244,2.89,4.34
314,IRL,2006,47263.3,4.54742002487183,22070063905.1011,232180617162.279,7.51646948,3.93163989540532,54.82,79.2414634146342,3.23,4.41
315,IRL,2007,46355.8,4.71541023254395,59934755383.4486,270079279419.5,7.80773735,4.89711564381346,61.15832455,79.6414634146341,3.57,4.98
316,IRL,2008,45780.1,5.45828008651733,23287686335.9747,275447471451.063,9.12564754,4.06030495117353,65.34,80.0951219512195,4.21,6.77
317,IRL,2009,40564.6,6.15610980987549,53974309647.0524,236443115853.695,10.52275753,-4.47810339150477,67.38,80.190243902439,5.3,12.61
318,IRL,2010,40188.5,6.05136013031006,37748455283.6937,221913560882.367,10.5258255,-0.922095829024469,69.85,80.7439024390244,5.31,14.53
319,IRL,2011,36681.3,5.82904005050659,23699352432.596,239003132208.133,10.6313448,2.5571888318692,74.88997297,80.7463414634146,6.61,15.35
320,IRL,2012,37127.9,5.75268983840942,58090414122.9928,225628699652.993,10.62784767,1.69620897294545,76.91999254,80.8463414634146,6.64,15.45
321,IRL,2013,35709.3,5.34205007553101,70811172728.4365,238340859896.937,10.30873108,0.508714869485436,78.2477,80.9487804878049,7.44,13.73
322,IRL,2014,35525.3,4.87849998474121,97382259038.5326,259170903647.536,9.54538631,0.182542316627949,83.49172234,81.3487804878049,8.55,11.86
323,IRL,2015,37063.0,3.75876998901367,237060224928.863,291775166506.891,7.31753302,-0.289879079012739,83.49479167,81.4536585365854,9.2,9.91
324,IRL,2016,38824.8,3.74212002754211,102915688042.276,299091127524.505,7.44555712,0.0083063377356992,83.5,81.6536585365854,8.59,8.37
325,IRL,2017,37778.5,3.50928997993469,58300808407.7828,336377500160.546,7.14633131,0.340531561461793,84.11400706,82.1560975609756,10.1,6.71
326,IRL,2018,37661.7,3.39286994934082,67361732390.1091,385736680797.118,6.88002014,0.488370168032449,87.00014011,82.2048780487805,10.78,5.74
327,IRL,2019,35750.9,3.29461002349854,-46633226471.2905,399321701632.431,6.6733737,0.939044481054341,87.00005524,82.7024390243903,12.34,4.95
328,IRL,2020,35750.9,3.09999990463257,34782774941.4582,425852281928.121,7.10143661,-0.334584625428444,91.99989097,82.5560975609756,12.34,5.62
329,IRL,2021,35750.9,3.09999990463257,81018660489.7563,504182603275.542,6.7280345,2.35814296241712,95.16956667,82.1024390243903,12.34,6.19
330,ISL,2000,2225.44,6.4314398765564,155160734.106047,9025660361.75842,8.89924335,5.13647123245151,44.47053382,79.6536585365854,60.66,1.94
331,ISL,2001,2163.29,6.70592021942139,163445772.282048,8234846804.60582,8.75266171,6.40508550386865,49.39299537,80.690243902439,62.12,1.87
332,ISL,2002,2243.77,7.29892015457153,91905493.0570106,9318395054.85934,9.40382481,5.1970223021663,79.12,80.5024390243903,61.84,2.99
333,ISL,2003,2226.41,7.24507999420166,335355205.005774,11429333037.8443,9.72930241,2.0556632975374,83.14,80.9634146341464,61.88,4.0
334,ISL,2004,2319.29,7.16118001937866,755317000.399857,13825302535.7699,9.32854366,3.15819324298464,83.88,80.9975609756098,61.81,4.03
335,ISL,2005,2289.35,7.33843994140625,3093680067.57088,16852963067.0496,8.94694996,3.98704782806592,87.0,81.5024390243902,62.47,2.55
336,ISL,2006,2333.65,7.19521999359131,3876554983.10737,17465318552.2941,8.55709076,6.68707906136661,89.51,81.1585365853659,64.02,2.83
337,ISL,2007,2382.97,6.9443302154541,6872169567.20657,21652505596.7528,8.3535862,5.05155736492145,90.6,81.4536585365854,67.52,2.25
338,ISL,2008,2182.63,7.03601980209351,1203686964.67602,18074622987.0185,8.34370804,12.6943942775878,91.0,81.609756097561,74.0,2.95
339,ISL,2009,2108.0,7.18984985351563,63588140.7547116,13154414219.207,8.77518463,12.0031298461743,93.0,81.7512195121951,74.69,7.22
340,ISL,2010,1959.124,6.9442400932312,256982201.688046,13751161917.7398,8.36173058,5.39673113167484,93.39,81.8975609756097,75.96,7.56
341,ISL,2011,1888.35,6.78997993469238,1106958185.40328,15221622925.9319,8.20293236,4.00102664343116,94.8196868,82.3585365853659,77.19,7.03
342,ISL,2012,1859.9,7.58223009109497,1024164328.08698,14751508133.5443,8.18118858,5.18589988750705,96.20979955,82.9170731707317,77.82,6.0
343,ISL,2013,2031.8,7.44868993759155,472607545.774898,16125060515.3117,8.17555237,3.8722792374824,96.5468,82.0609756097561,76.73,5.38
344,ISL,2014,2047.5,7.6414098739624,766775539.042214,17867662177.8911,8.22888947,2.04461481539337,98.16,82.8609756097561,76.99,4.9
345,ISL,2015,2057.5,7.4579701423645,1145767444.82301,17517210519.0912,8.06978989,1.63305558181333,98.2,82.4682926829268,77.33,3.98
346,ISL,2016,1630.7,7.43219995498657,-1066286957.46864,20793168030.9524,8.09714794,1.6969276199774,98.2400163,82.2048780487805,80.25,2.98
347,ISL,2017,1672.5,7.58385992050171,-6999892980.93709,24728285177.4603,8.26131916,1.76041559180606,98.25520119,82.6609756097561,80.08,2.74
348,ISL,2018,1695.8,7.56170988082886,-622718386.260034,26264127686.6137,8.37734032,2.68291768267388,99.01095399,82.8609756097561,80.71,2.7
349,ISL,2019,1636.3,7.54735994338989,-556463720.652854,24826102119.6357,8.5256052,3.01397179156056,99.50494117,83.1634146341463,81.07,3.51
350,ISL,2020,1636.3,7.71999979019165,-878458464.586911,21694674809.9321,9.55796337,2.84792401518658,99.5327519,83.0634146341463,81.07,5.48
351,ISL,2021,1636.3,7.71999979019165,108528895.866518,25602419210.3374,9.65296936,4.44423970189747,99.68701957,83.1170731707317,81.07,6.02
352,ITA,2000,436296.6,4.29107999801636,13172981900.3999,1146676894209.73,7.56665516,2.53768532095005,23.11087424,79.7780487804878,5.12,10.83
353,ITA,2001,436571.4,4.65009021759033,14878086498.8458,1168023426056.38,7.73760843,2.78516542713555,27.22211698,80.1268292682927,5.38,9.6
354,ITA,2002,443473.1,4.43240976333618,17239360004.8835,1276769338449.3,7.86693573,2.46532319171164,28.04,80.2292682926829,5.6,9.21
355,ITA,2003,462197.8,4.54179000854492,19572886733.5722,1577621707050.51,7.83297729,2.67255552772852,29.04,79.9829268292683,6.24,8.87
356,ITA,2004,472404.8,4.38520002365112,20100742901.8037,1806542968545.56,8.16549301,2.20673661423654,33.24,80.7804878048781,5.94,7.87
357,ITA,2005,473831.8,4.23829984664917,36762073074.939,1858217147203.73,8.33931828,1.98529298527983,35.0,80.7829268292683,6.7,7.73
358,ITA,2006,466654.5,4.52545022964478,56995485107.0101,1949551719389.64,8.43673038,2.09084391012755,37.99,81.2829268292683,7.51,6.78
359,ITA,2007,459371.1,4.10503005981445,65975535145.4856,2213102482751.46,8.13610077,1.829741122024,40.79,81.4341463414634,8.73,6.08
360,ITA,2008,444984.5,4.38794994354248,-9501579210.46569,2408655348718.59,8.53282356,3.34783258401023,44.53,81.4853658536585,10.82,6.72
361,ITA,2009,397057.1,4.52371978759766,16607196344.8457,2199928804118.63,8.95162296,0.774768131387384,48.83,81.6365853658537,12.54,7.75
362,ITA,2010,405272.3,4.33411979675293,9930501390.90892,2136099955236.67,8.91602039,1.52551602118248,53.68,82.0365853658537,12.79,8.36
363,ITA,2011,396687.4,4.11568021774292,34465481829.5317,2294994296589.5,8.77413177,2.78063272879324,54.3899983,82.1878048780488,11.9,8.36
364,ITA,2012,376747.2,4.05601978302002,34901033.0149755,2086957656821.6,8.78352833,3.04136333226773,55.82999799,82.2390243902439,14.39,10.65
365,ITA,2013,346458.3,4.14367008209229,19531411961.8185,2141924094298.56,8.77543831,1.21999342274305,58.4593,82.690243902439,16.32,12.15
366,ITA,2014,327498.0,4.06127977371216,17032744039.0433,2162009615996.54,8.86791801,0.241047429826773,55.63846022,83.090243902439,17.13,12.68
367,ITA,2015,337862.1,4.07362985610962,13303439230.2377,1836637711060.55,8.85689163,0.0387903996579552,58.14173496,82.5439024390244,16.57,11.9
368,ITA,2016,333344.8,3.81578993797302,25656663794.7916,1877071687633.78,8.72533035,-0.0940166569157271,61.32425277,83.2439024390244,16.09,11.69
369,ITA,2017,329193.3,4.04493999481201,11138429977.1854,1961796197354.36,8.67773914,1.22653316645808,63.077347,82.9463414634147,16.43,11.21
370,ITA,2018,324884.2,4.25614023208618,44249715319.1484,2091932426266.98,8.68187714,1.13748763600395,74.38718292,83.3463414634146,17.08,10.61
371,ITA,2019,317238.6,4.09531021118164,31185214397.3208,2011302198827.45,8.6563549,0.611246943765291,67.85071029,83.4975609756098,17.27,9.95
372,ITA,2020,317238.6,4.26999998092651,-22090942205.122,1896755301518.14,9.63378334,-0.13770757391657,70.48342785,82.1951219512195,17.27,9.16
373,ITA,2021,317238.6,4.26999998092651,18911500067.3882,2107702842669.73,9.45429516,1.87378325762491,74.8623274,82.7951219512195,17.27,9.5
374,LUX,2000,8556.7,3.53973007202148,4243174364.5005,21230182989.3036,5.92533875,3.15076707022592,22.88732797,77.8731707317073,6.81,2.35
375,LUX,2001,9118.5,3.53973007202148,4243174364.5005,21387533703.2327,6.38193941,2.66382110579103,36.16342251,77.8243902439025,3.42,1.81
376,LUX,2002,9818.3,3.734110567304819,4243174364.5005,23649833332.1655,6.76099968,2.07408613571644,39.84,77.9658536585366,1.32,2.62
377,LUX,2003,10241.6,3.9284910625881575,4291105683.1905,29667268248.1305,6.96221447,2.04984030563515,54.55,77.7268292682927,1.28,3.68
378,LUX,2004,11659.8,4.1228715578714965,5179643438.5651,35064843792.8993,7.2793355,2.22567916428892,65.88,79.1219512195122,1.35,5.11
379,LUX,2005,11912.9,4.317252053154835,4644769483.2861,37672280120.4794,7.12328196,2.48769665164086,70.0,79.4317073170732,1.87,4.49
380,LUX,2006,11717.2,4.5116325484381745,32219534640.5467,42910146296.0646,6.6364212,2.66631494577072,72.51,79.2878048780488,2.08,4.73
381,LUX,2007,11114.4,4.706013043721513,-29679425809.9086,51587401415.7872,6.15803099,2.31245861786128,78.92,79.3829268292683,3.64,4.07
382,LUX,2008,11022.5,4.9003935390048525,7117112828.2125,58844277701.5258,6.23101091,3.40187963025566,82.23,80.5390243902439,3.96,5.06
383,LUX,2009,10442.8,5.094774034288191,27255154248.9126,54467289897.5582,6.94993162,0.368041997888919,87.31,80.6365853658537,3.73,5.12
384,LUX,2010,11034.9,5.28915452957153,39128528763.1863,56213985987.4168,6.66263008,2.27367911621542,90.62,80.6317073170732,3.68,4.36
385,LUX,2011,10903.8,5.1235294342041,8843156716.781,61696281326.2453,5.95225334,3.4106834106834,90.02985856,80.9878048780488,3.76,4.9
386,LUX,2012,10692.2,3.87815999984741,2824125587.5029,59776383527.3602,5.29404306,2.66284165508017,91.94992374,81.3926829268293,4.15,5.14
387,LUX,2013,10153.0,3.90583801269531,23299023839.5644,65203276466.9763,5.23557377,1.73403963519166,93.7765,81.8,5.72,5.85
388,LUX,2014,9648.0,3.85569000244141,20060313791.1336,68804811897.6445,5.23040915,0.628543985440705,94.67,82.2292682926829,6.85,5.85
389,LUX,2015,9134.2,3.76792001724243,45432153555.9747,60071584216.1375,5.08113575,0.4747431614378,96.37671417,82.2926829268293,9.09,6.67
390,LUX,2016,8853.4,3.48559498786926,17580970091.4303,62216885435.9488,5.07103872,0.290833333333306,98.13669867,82.6853658536585,13.5,6.29
391,LUX,2017,8997.8,3.48645997047424,-27369776663.1647,65712180342.9836,5.13535357,1.73079959118897,97.36296032,82.0951219512195,15.33,5.52
392,LUX,2018,9318.1,3.64749002456665,-26044791277.9355,71000359760.4611,5.25880098,1.52819524307373,97.06129871,82.2951219512195,16.09,5.59
393,LUX,2019,9489.2,3.71982002258301,12801194703.5407,69825641851.0117,5.44119692,1.74332075653843,97.12063569,82.6390243902439,16.45,5.59
394,LUX,2020,9489.2,4.96999979019165,102268859379.605,73992591285.3029,5.76745605,0.819957302126994,98.82242384,82.1439024390244,16.45,6.77
395,LUX,2021,9489.2,4.96999979019165,-9053878560.936,85506243833.7816,5.35417652,2.52692009066169,98.66,82.7487804878049,16.45,5.25
396,LVA,2000,6929.57,5.27427005767822,324184857.470563,7958852838.93395,5.43338442,2.65425477796052,6.319062083,70.3146341463415,35.82,14.21
397,LVA,2001,7357.2,5.44695997238159,173500715.825042,8362398701.58943,5.77004433,2.48704003555455,7.219345808,70.7609756097561,35.35,13.82
398,LVA,2002,7352.2,5.60254001617432,160090702.160432,9557031605.27512,5.76281166,1.93887573855892,21.94,70.9609756097561,34.38,13.83
399,LVA,2003,7593.2,5.05714988708496,316652176.39383,11771975156.8073,5.4793458,2.94264752948481,26.98,71.2658536585366,34.34,12.06
400,LVA,2004,7616.5,4.83406019210815,591589970.743145,14435700533.368,6.20221329,6.19238547197433,38.58,72.0268292682927,36.11,11.71
401,LVA,2005,7715.0,4.759365081787105,809856372.419322,17003459863.0989,5.83247328,6.74845027893117,46.0,71.3560975609756,36.3,10.03
402,LVA,2006,8199.9,4.68466997146606,1705667383.81543,21570076498.6205,5.70438385,6.53619908765875,53.63,70.8658536585366,34.0,7.03
403,LVA,2007,8531.8,4.63328981399536,2713412662.12001,31054350977.9784,5.51350451,10.0929775849168,59.17,71.019512195122,33.08,6.05
404,LVA,2008,8105.9,5.36644983291626,1434273758.18366,35854274228.9139,5.58478308,15.4023191064986,63.41,72.419512195122,33.71,7.74
405,LVA,2009,7364.1,5.52265977859497,-150022148.439267,26410909090.9091,6.09759474,3.53410672858941,66.84,73.0804878048781,38.4,17.51
406,LVA,2010,8518.1,5.03881978988647,474983591.197692,23956163076.5575,6.097435,-1.08463595015159,68.42,73.4829268292683,33.07,19.48
407,LVA,2011,7897.3,5.07161998748779,1519518896.45562,27474380566.265,5.72401047,4.37073559939221,69.74995456,73.5756097560976,35.54,16.21
408,LVA,2012,7570.7,6.58270978927612,1080778947.54652,28169902669.3784,5.41047668,2.25778924374594,73.11994377,73.7780487804878,40.37,15.05
409,LVA,2013,7452.4,6.99697017669678,989283879.359479,30204783461.8488,5.40874767,-0.0294547782578977,75.2344,73.9829268292683,39.6,11.87
410,LVA,2014,7282.3,5.28122997283936,1045107101.1976,31386896487.0407,5.46339607,0.620490636732377,75.83,74.1243902439024,40.24,10.85
411,LVA,2015,7315.9,5.28251981735229,812843819.517909,27263090547.0617,5.65211773,0.174242243625214,79.20058292,74.4804878048781,38.1,9.87
412,LVA,2016,7145.3,4.65749979019165,335420977.516689,28083597512.4841,6.1332593,0.140633334505292,79.84209778,74.580487804878,38.48,9.64
413,LVA,2017,7116.7,4.36671018600464,1189988063.17618,30483806017.8318,5.96542788,2.93036312374664,80.114077,74.6292682926829,42.6,8.72
414,LVA,2018,7785.2,4.24356985092163,424290064.514648,34429023435.0211,6.18867874,2.53445424186602,83.57717486,74.7829268292683,40.97,7.41
415,LVA,2019,7569.2,4.42507982254028,1114592059.19912,34343961072.8235,6.62088203,2.81140920075622,86.13545644,75.3878048780488,41.52,6.31
416,LVA,2020,7569.2,5.96999979019165,938191969.147099,34601740323.3386,7.44663048,0.219064904842049,88.89796078,75.1853658536585,41.52,8.1
417,LVA,2021,7569.2,5.96999979019165,3721078149.7836,39853501579.8211,7.44663048,3.27582937431157,91.17964988,73.2829268292683,41.52,7.51
418,MEX,2000,379176.1,3.99243998527527,18382284821.0,707906744574.644,4.44912481,9.49156149435404,5.081384153,73.569,12.17,2.65
419,MEX,2001,378830.7,4.24104022979736,30060020323.0,756706300589.791,4.8203578,6.36773806235032,7.038023117,73.867,11.34,2.63
420,MEX,2002,386004.7,4.45495986938477,20160111120.0,772106378935.377,5.0716424,5.03072733151299,11.9,74.106,10.68,3.0
421,MEX,2003,404692.3,5.07257986068726,18157929031.0,729336319677.449,5.81486416,4.54690012118717,12.9,74.274,10.17,3.46
422,MEX,2004,414102.1,4.72670984268188,25141309948.0,782240601984.76,5.9539032,4.68840884843147,14.1,74.372,10.21,3.94
423,MEX,2005,432187.5,4.84568977355957,25161491620.0,877476221382.101,5.83612156,3.98805714597435,17.21,74.376,10.31,3.56
424,MEX,2006,448302.9,4.69992017745972,22124412067.0,975387131716.089,5.65525484,3.62946762439129,19.52,74.331,9.82,3.57
425,MEX,2007,457121.2,4.69050979614258,31019384024.0,1052696282278.87,5.76644516,3.96684905458234,20.81,74.238,9.46,3.63
426,MEX,2008,459548.3,4.82006978988647,29752318995.0,1109989063586.62,5.69886971,5.12498274575897,21.71,74.152,9.77,3.87
427,MEX,2009,448372.7,5.18794012069702,19651679609.0,900045350649.351,6.12978458,5.29735584228859,26.34,74.119,9.17,5.36
428,MEX,2010,462869.7,5.15922021865845,30524718258.0,1057801295584.05,5.73688889,4.15672722680176,31.05,74.19,9.36,5.3
429,MEX,2011,478403.7,5.10564994812012,23894614076.0,1180489601957.61,5.51883602,3.40737824605736,37.17629541,74.365,9.07,5.17
430,MEX,2012,486454.5,5.10309982299805,18204804086.0,1201089987015.45,5.66522121,4.11150981070293,39.75,74.574,8.97,4.89
431,MEX,2013,475737.7,4.69605016708374,50831992460.0,1274443084716.57,5.80923605,3.80639069747207,43.46,74.739,9.23,4.91
432,MEX,2014,462240.4,5.25747013092041,28441845366.0,1315351183524.54,5.55340958,4.01861608078673,44.39,74.797,9.76,4.81
433,MEX,2015,471632.9,5.22942018508911,36247163894.0,1171867608197.72,5.72277403,2.7206406496403,57.43104299,74.682,9.19,4.31
434,MEX,2016,473314.9,4.90681982040405,38890034474.0,1078490651625.31,5.55345869,2.82170784747653,59.540446,74.412,9.22,3.86
435,MEX,2017,471578.7,4.51821994781494,33107655685.0,1158913035796.37,5.45759058,6.04145724018992,53.03178861,74.138,9.99,3.42
436,MEX,2018,452567.1,4.2542200088501,37846775241.0,1222408203104.3,5.38345814,4.89935015356549,56.6595668,74.015,10.03,3.27
437,MEX,2019,449266.1,4.2542200088501,29898162512.0,1269011767478.56,5.44627905,3.6359614212705,69.63210927,74.202,10.34,3.48
438,MEX,2020,449266.1,4.2542200088501,31507076728.0,1090515389749.41,6.2421484,3.39683415569999,71.49017499,70.133,10.34,4.45
439,MEX,2021,449266.1,4.2542200088501,33349798109.0,1272839334119.3,6.2421484,5.68920847683764,75.62650476,70.213,10.34,4.09
440,NLD,2000,162096.7,4.58512020111084,63109732334.5288,417479337444.707,7.7069602,2.36052233801956,43.98435137,77.9878048780488,1.73,2.73
441,NLD,2001,167116.1,4.69964981079102,51998915897.6429,431586852369.686,8.05945873,4.15584127195611,49.37306211,78.190243902439,1.76,2.12
442,NLD,2002,167429.4,4.80590009689331,25485041348.333,473861980070.981,8.64913177,3.28753104712768,61.29,78.2926829268293,1.92,2.55
443,NLD,2003,170362.8,5.0404200553894,20456442247.9523,580070360701.96,9.05657101,2.09199838997658,64.35,78.4926829268293,1.91,3.59
444,NLD,2004,172116.5,5.06297016143799,139920688181.89,658380081545.175,9.1107645,1.26364739183177,68.52,79.0951219512195,2.22,4.65
445,NLD,2005,167926.0,5.10939979553223,209888825342.073,685348181515.953,9.09666824,1.68813017869622,81.0,79.3463414634146,2.74,5.87
446,NLD,2006,163702.7,5.04402017593384,375506013118.293,733955269898.823,9.08055115,1.10150106517704,83.7,79.6975609756098,3.12,5.0
447,NLD,2007,164550.6,4.88682985305786,733826501994.516,848558887541.179,9.05292606,1.61385859802103,85.82,80.0975609756098,3.68,4.15
448,NLD,2008,165221.9,5.02904987335205,195530109750.281,951869997864.062,9.27660465,2.48650198289454,87.42,80.2512195121951,3.94,3.65
449,NLD,2009,160488.3,5.43156003952026,95851297436.2645,871518638049.218,9.9929266,1.18977687021549,89.63,80.5487804878049,4.38,4.35
450,NLD,2010,171110.5,5.48908996582031,115753273228.717,847380859016.668,10.15508747,1.27530569556686,90.72,80.7024390243902,3.85,4.99
451,NLD,2011,158768.0,5.46303987503052,332071022439.731,905270626332.687,10.23357868,2.3410701775137,91.41999576,81.2048780487805,4.69,4.98
452,NLD,2012,157473.4,5.4102201461792,239668927458.956,838923319919.531,10.53898716,2.45554765291609,92.85999236,81.1048780487805,4.9,5.82
453,NLD,2013,157090.2,5.52655982971191,328677379048.208,877172824534.512,10.58363628,2.50689852657884,93.9564,81.3048780487805,4.94,7.24
454,NLD,2014,149793.4,5.458899974823,117627297064.437,892167986713.722,10.56703758,0.976035079699661,91.666666,81.7073170731707,5.53,7.42
455,NLD,2015,157410.6,5.34815979003906,332926404423.871,765572770634.375,10.32393837,0.600248147278775,91.72413793,81.509756097561,5.72,6.87
456,NLD,2016,158535.4,5.47959995269775,241091415379.487,784060430240.08,10.2942524,0.316666666666663,90.4109589,81.5609756097561,5.59,6.01
457,NLD,2017,155757.8,5.17509984970093,227392560367.595,833869641687.06,10.1082983,1.3814587140721,93.19727891,81.7609756097561,6.36,4.84
458,NLD,2018,151363.1,5.35764980316162,-330338474188.053,914043438179.607,10.01993561,1.70349794744475,91.89189189,81.8121951219512,7.39,3.83
459,NLD,2019,146341.0,5.15986013412476,-14191873238.3687,910194347568.626,10.14039612,2.63369910249593,93.2885906,82.1121951219512,8.54,3.38
460,NLD,2020,146341.0,5.30000019073486,-218712376706.774,909793466661.481,11.1359272,1.2724603778917,91.33333333,81.3585365853659,8.54,3.82
461,NLD,2021,146341.0,5.30000019073486,-141741529237.018,1012846760976.73,11.21132469,2.67572008805381,92.05298013,81.4609756097561,8.54,4.21
462,NOR,2000,34293.6,6.46726989746094,8332062185.99552,171247131268.604,7.71215487,3.08550609131277,52.0,78.6341463414634,60.18,3.46
463,NOR,2001,34717.8,6.83062982559204,3190216069.0008,173972218824.027,8.02202415,3.00419703998231,64.0,78.7853658536585,59.59,3.74
464,NOR,2002,34366.3,7.43729019165039,3011752930.34115,195524186477.617,9.00061893,1.28672528415185,72.84,78.9878048780488,59.47,4.02
465,NOR,2003,37169.9,7.41635990142822,4179380423.17369,228858506821.841,9.21471977,2.48782553461785,78.13,79.390243902439,56.23,4.22
466,NOR,2004,37340.3,7.2982702255249,4918494986.32396,264511630666.983,8.82115746,0.454498502220854,77.69,79.8414634146342,56.85,4.26
467,NOR,2005,36351.3,6.86506986618042,10058759829.6279,308884284051.222,8.32839584,1.53213367609252,81.99,80.0414634146342,58.56,4.38
468,NOR,2006,37195.5,6.3827600479126,11877923790.1756,345581369965.54,7.91272163,2.32934980757545,82.55,80.3439024390244,57.02,3.4
469,NOR,2007,37746.8,6.53439998626709,24806091102.6883,400937100158.657,8.05085373,0.712589073634205,86.93,80.3951219512195,57.36,2.49
470,NOR,2008,36871.5,6.2852201461792,20578219685.1148,462250000000.0,7.96075296,3.75393081761006,90.57,80.5926829268293,58.45,2.55
471,NOR,2009,37425.5,7.10337018966675,8635762892.0964,386190385318.767,9.07431412,2.19738586853571,92.08,80.7951219512195,56.72,3.1
472,NOR,2010,41413.7,6.74633979797363,21634265662.593,428757038466.841,8.90553188,2.41890639481001,93.39,80.9975609756098,56.37,3.52
473,NOR,2011,39601.6,6.4545202255249,10296323075.6966,498283438454.281,8.78868103,1.28495158809159,93.48998265,81.2951219512195,56.71,3.21
474,NOR,2012,38490.0,7.37470006942749,27897968327.9334,509506317146.541,8.77787971,0.696864111498241,94.64997805,81.4512195121951,58.0,3.12
475,NOR,2013,39503.6,7.48535013198853,-1368607170.8397,522761531914.894,8.92953396,2.12048620353119,95.0534,81.7512195121951,57.42,3.42
476,NOR,2014,39113.4,7.69504022598267,3242240088.15462,498410050251.256,9.34493446,2.0417028670721,96.3,82.1,56.9,3.48
477,NOR,2015,39495.0,7.5693302154541,7274086872.47209,385801550067.169,10.13146877,2.17113665389528,96.81032569,82.3048780487805,58.12,4.3
478,NOR,2016,38764.5,8.03055000305176,-18668572814.4237,368827142857.143,10.59129524,3.55000000000002,97.29820367,82.4073170731707,59.39,4.68
479,NOR,2017,37716.6,7.91198015213013,5900604723.78859,398393955268.99,10.31589031,1.87510059552548,96.3576013,82.609756097561,61.09,4.16
480,NOR,2018,37593.4,7.64411020278931,-5664319361.82196,436999692591.454,10.02394581,2.76483134528794,96.49165799,82.7585365853659,60.75,3.8
481,NOR,2019,35946.4,7.93838977813721,16329824317.677,404941363636.364,10.5360651,2.16773003305405,98.00000439,82.9585365853659,62.37,3.69
482,NOR,2020,35946.4,5.90000009536743,-4102660408.42478,362198318435.26,11.41755009,1.28658490707998,97.00000121,83.209756097561,62.37,4.42
483,NOR,2021,35946.4,5.90000009536743,14179043237.68,482174854481.956,10.08628464,3.48388055266678,99.0,83.1634146341463,62.37,4.37
484,NZL,2000,29455.0,6.56049013137817,-1507812033.25805,52623281956.7031,7.4700222,2.61523446246318,47.37955654,78.6365853658537,29.13,6.13
485,NZL,2001,31618.8,6.56049013137817,259321576.796312,53872425916.6248,7.5789361,2.62581630392901,53.24101529,78.6926829268293,27.13,5.43
486,NZL,2002,31543.1,6.40699005126953,2848556986.63852,66627729311.4495,7.90045929,2.6770925771161,59.08075328,78.8463414634146,28.98,5.28
487,NZL,2003,33397.6,6.43753004074097,-3363941288.043,88250885550.2626,7.72169256,1.75357444759553,60.96253987,79.1463414634146,28.35,4.75
488,NZL,2004,32836.1,6.51203012466431,2319819298.42871,103905210084.034,7.90090561,2.2902490284757,61.84762781,79.5487804878049,30.76,4.01
489,NZL,2005,34232.2,6.27896022796631,1906665963.75812,114720129550.095,8.27334881,3.03702332617015,62.72021237,79.8512195121951,29.46,3.81
490,NZL,2006,34265.9,5.95276021957397,2912645686.56863,111538810712.665,8.63841629,3.36540196171992,69.0,80.0487804878049,29.59,3.86
491,NZL,2007,33270.5,5.91965007781982,4335506075.9374,137188946865.584,8.32904434,2.37614310290657,69.76,80.1512195121951,29.35,3.66
492,NZL,2008,34165.4,5.51144981384277,2591966537.02927,133131369930.414,9.12382889,3.9589493731206,72.03,80.3512195121951,28.39,4.17
493,NZL,2009,31169.7,6.28816986083984,-52385533.2387357,121373602348.679,9.62076378,2.1156511055456,79.7,80.7024390243902,30.56,6.12
494,NZL,2010,31049.3,7.00039005279541,286306902.9756,146517541181.254,9.59277534,2.30202385958576,80.46,80.9048780487805,31.68,6.56
495,NZL,2011,30290.7,6.93969011306763,1378410924.39879,168291357111.739,9.51987362,4.02790667392038,81.23,81.1560975609756,32.65,6.49
496,NZL,2012,32107.4,7.15993022918701,3846884018.51781,176206659722.524,9.65163612,1.05991318445635,81.64447018,81.4073170731707,31.02,6.93
497,NZL,2013,31885.5,6.70155000686646,-69519935.4200308,190906575136.003,9.36019325,1.13442266445812,82.78,81.4048780487805,30.36,5.84
498,NZL,2014,31970.7,6.34243011474609,3251563602.3094,201313497220.917,9.40168381,1.22750750597405,84.0,81.4568292682927,31.09,5.43
499,NZL,2015,32281.2,6.32505989074707,-73372796.4211781,178064471137.921,9.28344345,0.292704628136101,85.2,81.6124390243903,31.24,5.41
500,NZL,2016,31185.7,6.411789894104,2008111275.18134,188838342527.975,9.24379444,0.646240284454502,86.5,81.6585365853659,31.83,5.15
501,NZL,2017,32927.4,6.25973987579346,2390035935.47737,206623758800.159,8.96694851,1.85078767452532,87.7,81.8585365853659,30.22,4.74
502,NZL,2018,32355.4,6.04850006103516,2516488849.6393,211953111035.513,9.0351162,1.59829703801698,89.0,81.7073170731707,30.73,4.33
503,NZL,2019,34008.7,5.16372013092041,2915754514.32092,213434571357.984,9.48335075,1.61963190184049,89.86372003,82.0560975609756,29.65,4.11
504,NZL,2020,34008.7,5.98000001907349,4135119591.14727,211734532308.013,10.02858734,1.71456170007244,92.8650738,82.2560975609756,29.65,4.6
505,NZL,2021,34008.7,5.98000001907349,4539913924.62292,249885687029.634,10.02858734,3.94112060778728,95.91020269,82.2073170731707,29.65,3.78
506,POL,2000,295774.4,4.9839301109314,9335000000.0,172219461126.067,5.28789568,9.90017538843062,7.285428708,73.7487804878049,6.93,16.31
507,POL,2001,293627.4,5.31902980804443,5677000000.0,190905493539.168,5.66721439,5.40833545566151,9.900669707,74.2,7.29,18.37
508,POL,2002,287320.3,5.38735008239746,4091000000.0,199072058823.529,6.06724358,1.90528215048054,21.15,74.4975609756098,7.49,19.89
509,POL,2003,297730.8,5.32449007034302,5371000000.0,217827260805.842,5.95371294,0.682701375787657,24.87,74.5975609756098,7.29,19.37
510,POL,2004,301854.0,5.35557985305786,13868000000.0,255110181539.808,5.86845207,3.38264681884694,32.53,74.8463414634146,7.31,19.07
511,POL,2005,301353.0,5.42574977874756,11041000000.0,306144336269.51,5.80689144,2.18379872390258,38.81,74.9951219512195,7.22,17.75
512,POL,2006,314093.0,5.20765018463135,21473000000.0,344622003093.581,5.80280542,1.28469394366409,44.58,75.1439024390244,7.18,13.84
513,POL,2007,313375.4,4.86874008178711,25031000000.0,429028505365.078,5.87339211,2.45874312385397,48.6,75.2439024390244,7.28,9.6
514,POL,2008,308325.3,5.04239988327026,14574000000.0,533609081852.897,6.37592173,4.1649719352477,53.13,75.5439024390244,8.01,7.12
515,POL,2009,297260.3,4.98976993560791,14025000000.0,439737508413.192,6.587708,3.79539242483406,58.97,75.6951219512195,8.84,8.17
516,POL,2010,313739.1,5.0630202293396,18542000000.0,475696613935.595,6.4122324,2.58069370250546,62.32,76.2463414634146,9.49,9.64
517,POL,2011,310593.6,4.82496976852417,18212000000.0,524382678547.32,6.2400856,4.23940149625935,61.94999897,76.6951219512195,10.44,9.63
518,POL,2012,303351.4,4.82954978942871,7180000000.0,495236910793.797,6.22393656,3.56037151702788,62.30999727,76.7463414634146,10.91,10.09
519,POL,2013,298304.4,4.97062015533447,1029000000.0,515764728216.161,6.41485739,0.99198260633235,62.8492,77.0,11.41,10.33
520,POL,2014,285730.0,4.93554019927979,20455000000.0,539087652559.835,6.38664055,0.0538213132400467,66.6,77.6024390243903,11.58,8.99
521,POL,2015,289077.4,4.80993986129761,15598000000.0,477111287969.227,6.39477158,-0.874125874125849,67.99698716,77.4512195121951,11.87,7.5
522,POL,2016,299802.4,4.63339996337891,17750000000.0,470022572790.91,6.53473854,-0.664767331434023,73.3007041,77.8512195121951,11.34,6.16
523,POL,2017,312863.9,4.5584602355957,11999000000.0,524645833884.582,6.5601325,2.07593553673862,75.98536595,77.7536585365854,11.12,4.89
524,POL,2018,311910.1,4.61579990386963,19204000000.0,588782567765.872,6.32764196,1.81295156542681,77.54173454,77.6024390243903,11.27,3.85
525,POL,2019,295132.2,4.6692099571228,17619000000.0,596054591863.312,6.44682503,2.227478809383,80.43590688,77.9048780487805,12.18,3.28
526,POL,2020,295132.2,5.19000005722046,19151000000.0,599449188399.108,6.49310207,3.3744697261859,83.18488715,76.5,12.18,3.16
527,POL,2021,295132.2,5.19000005722046,37113000000.0,679444832854.295,6.59315157,5.05502704719268,85.37490736,75.6024390243903,12.18,3.36
528,SVN,2000,14541.7,5.7568302154541,135800000.0,20289627636.6767,7.80406952,8.91174418658764,15.11025956,75.4121951219512,17.96,6.92
529,SVN,2001,15380.1,5.7568302154541,501200000.0,20876309970.385,7.87602425,8.37966587492205,30.17591047,75.7585365853659,18.67,5.68
530,SVN,2002,15524.6,5.67286014556885,1849800000.0,23489890274.3142,8.02119827,7.48077770703756,27.83888542,76.0073170731707,16.31,5.92
531,SVN,2003,15413.0,5.70333003997803,535600000.0,29634713641.0968,8.09883499,5.54416421752898,31.85479301,76.8585365853659,16.9,6.48
532,SVN,2004,15699.6,5.64425992965698,763100000.0,34414784504.2352,7.93957281,3.59297594249513,40.81,77.2073170731707,17.77,6.01
533,SVN,2005,15916.5,5.60408020019531,970800000.0,36206395970.6504,7.99595737,2.45150132316474,46.81,77.6121951219512,18.58,6.51
534,SVN,2006,16293.7,5.59066009521484,692021551.718703,39481045038.2637,7.82322693,2.45792444195864,54.01,78.0865853658537,17.36,5.95
535,SVN,2007,16283.4,5.11661005020142,1884506372.67516,48067401207.3978,7.51139164,3.65749563284104,56.74,78.5609756097561,18.35,4.82
536,SVN,2008,17360.1,5.10951995849609,1080741791.92197,55779427739.6609,7.85466576,5.64742380573934,58.0,78.7658536585366,17.63,4.37
537,SVN,2009,15509.2,5.55496978759766,-346971372.900937,50567734885.9613,8.54080105,0.83926224679384,64.0,78.9707317073171,19.57,5.86
538,SVN,2010,15777.2,5.54546022415161,319143932.57504,48208240226.4501,8.56503296,1.80117022137136,70.0,79.4219512195122,20.07,7.24
539,SVN,2011,15700.8,5.541259765625,875946337.676011,51583869785.1849,8.53639603,1.80285171941907,67.33999481,79.9707317073171,19.14,8.17
540,SVN,2012,15123.6,5.62023019790649,33537889.4917908,46577793184.0031,8.71509933,2.5974138603901,68.34997453,80.1243902439024,20.22,8.84
541,SVN,2013,14548.1,5.4057297706604,104022716.62865,48415657264.8758,8.74028301,1.76920085881896,72.6756,80.3219512195122,22.48,10.1
542,SVN,2014,13112.7,5.29169988632202,1019380613.4972,49997186439.0916,8.50197601,0.199343826570849,71.59,81.0780487804878,22.91,9.67
543,SVN,2015,13139.7,4.90953016281128,1730147099.28225,43107506024.3254,8.49823952,-0.525552285820838,73.09865997,80.7756097560976,21.38,8.96
544,SVN,2016,13903.0,4.79266977310181,1446274234.68465,44766722790.5826,8.4630394,-0.0549995416704911,75.49850426,81.1756097560976,20.96,8.0
545,SVN,2017,14123.7,4.78053998947144,1196228604.6928,48589100043.0954,8.18480968,1.42910743319297,78.88542636,81.0292682926829,19.71,6.56
546,SVN,2018,14072.9,4.93587017059326,1538137615.35452,54177882425.8431,8.27911568,1.73860861988181,79.7499766,81.3780487804878,20.61,5.11
547,SVN,2019,13599.8,4.9102897644043,2151537534.12248,54331588482.3058,8.52314281,1.63052260754338,83.1083578,81.5292682926829,20.86,4.45
548,SVN,2020,13599.8,5.76000022888184,506269486.820006,53706800043.6842,9.45357895,-0.0548568157606067,86.60130109,80.5317073170732,20.86,4.97
549,SVN,2021,13599.8,5.76000022888184,2148387880.14866,61748586534.8672,9.15498257,1.91706506089267,89.00399524,80.8756097560976,20.86,4.74
550,SWE,2000,53277.5,6.740149974823,22817836820.944,262835454366.855,7.32689953,0.899143734041743,45.68765221,79.6439024390244,39.82,5.47
551,SWE,2001,52497.3,6.61764001846313,18217810086.4861,242395852494.409,7.90032959,2.40595834145435,51.76566494,79.7951219512195,37.38,4.73
552,SWE,2002,54023.7,6.92434978485107,18381645407.9827,266849061835.659,8.21006203,2.15848213589263,70.57,79.8463414634146,35.85,4.97
553,SWE,2003,55202.7,6.79142999649048,6007683415.88431,334337212322.076,8.31724644,1.92565534892387,79.13,80.0951219512195,34.56,5.55
554,SWE,2004,53593.3,6.66310977935791,16854649893.5474,385118044877.465,8.1296196,0.373659828721796,83.89,80.4975609756098,35.49,6.69
555,SWE,2005,50206.2,6.5064001083374,20782686615.8207,392218088878.779,8.1508379,0.453170852576176,84.83,80.5463414634146,39.3,7.49
556,SWE,2006,48896.3,6.36429023742676,22052656378.5991,423093437423.762,8.05226612,1.36021468627688,87.76,80.7487804878049,40.08,7.07
557,SWE,2007,47136.3,6.17158985137939,46143507532.9675,491252589217.021,7.99607754,2.21216883436735,82.01,80.9,41.75,6.16
558,SWE,2008,46149.2,6.34455013275146,41436553995.9454,517706149201.196,8.20824242,3.43704910602875,90.0,81.1,43.2,6.23
559,SWE,2009,42879.2,6.74971008300781,8960871620.904,436537014293.554,8.77037907,-0.494460544378046,91.0,81.3512195121951,45.71,8.35
560,SWE,2010,48130.9,6.52268981933594,625102142.469445,495812558843.31,8.31963825,1.15798802715629,90.0,81.4512195121951,44.7,8.61
561,SWE,2011,44578.2,6.36691999435425,6979353755.44351,574094112972.733,10.41646671,2.96115073822139,92.76998606,81.8024390243903,45.43,7.8
562,SWE,2012,42138.6,7.5369701385498,4273531542.41649,552483727282.802,10.7351532,0.8883775069237,93.17998801,81.7048780487805,48.29,7.98
563,SWE,2013,40536.0,7.61120986938477,1316837632.12475,586841821796.891,10.90491486,-0.0442929701486557,94.7836,81.9560975609756,47.27,8.05
564,SWE,2014,39084.6,7.57372999191284,-8624292983.55841,581964017237.095,10.9479475,-0.17963849411465,92.52,82.2536585365854,48.61,7.95
565,SWE,2015,39192.4,7.4439001083374,10254310463.6027,505103781349.757,10.80418396,-0.0467847449832651,90.61019664,82.2048780487805,51.91,7.43
566,SWE,2016,38782.4,7.61861991882324,15642242213.9251,515654671469.547,10.85240364,0.984269244577978,89.65094761,82.3073170731707,50.89,6.99
567,SWE,2017,38291.8,7.56883001327515,24567738770.5318,541018749769.097,10.78509998,1.79449904665596,93.00626697,82.409756097561,51.81,6.72
568,SWE,2018,36013.1,7.64084005355835,-1368759168.53668,555455371487.089,10.94106293,1.95353530127029,89.24696316,82.5585365853659,51.54,6.36
569,SWE,2019,35001.7,7.63851022720337,16517284259.1258,533879529188.454,10.83224297,1.78415097403832,94.49344341,83.109756097561,52.88,6.83
570,SWE,2020,35001.7,7.17000007629395,18904841095.6675,547054174235.876,11.37992764,0.497367318853562,94.53943122,82.3560975609756,52.88,8.29
571,SWE,2021,35001.7,7.17000007629395,52682010240.2206,635663801201.765,11.27992725,2.16319736447149,88.30778589,83.1560975609756,52.88,8.72
572,USA,2000,5775808.0,6.71997308731079,349125000000.0,10250947997000.0,12.48710918,3.37685727149935,43.07916264,76.6365853658537,5.43,3.99
573,USA,2001,5748263.0,6.71997308731079,172496000000.0,10581929774000.0,13.16466713,2.82617111885402,49.08083159,76.8365853658537,4.68,4.73
574,USA,2002,5593026.0,6.71997308731079,111055000000.0,10929112955000.0,13.99167347,1.58603162650603,58.78540388,76.9365853658537,4.84,5.78
575,USA,2003,5658993.0,6.71997308731079,117106000000.0,11456442041000.0,14.50113487,2.27009497336113,61.69711712,77.0365853658537,5.33,5.99
576,USA,2004,5738287.0,6.71997308731079,213641000000.0,12217193198000.0,14.54663658,2.67723669309173,64.75825648,77.4878048780488,5.48,5.53
577,USA,2005,5753494.0,6.71997308731079,142344000000.0,13039199193000.0,14.57448006,3.39274684549547,67.96805292,77.4878048780488,5.84,5.08
578,USA,2006,5653082.0,6.71997308731079,298463000000.0,13815586948000.0,14.70358467,3.22594410070407,68.93119327,77.6878048780488,6.4,4.62
579,USA,2007,5736320.0,6.71997308731079,346613000000.0,14474226905000.0,14.91463089,2.85267248150136,75.0,77.9878048780488,6.3,4.62
580,USA,2008,5558380.0,6.71997308731079,341092000000.0,14769857911000.0,15.20489883,3.83910029665101,74.0,78.0390243902439,6.85,5.78
581,USA,2009,5156427.0,6.71997308731079,161083000000.0,14478064934000.0,16.19877434,-0.35554626629975,71.0,78.390243902439,7.35,9.25
582,USA,2010,5392112.0,6.71997308731079,264039000000.0,15048964444000.0,16.19557953,1.64004344238989,71.69,78.5414634146342,7.44,9.63
583,USA,2011,5173595.0,6.52156543731689,263497000000.0,15599728123000.0,16.13764381,3.15684156862206,69.72946076,78.6414634146341,8.36,8.95
584,USA,2012,4956058.0,6.27585649490356,250345000000.0,16253972230000.0,16.11693954,2.06933726526059,74.7,78.7414634146342,8.73,8.07
585,USA,2013,5092102.0,6.25093173980713,288131000000.0,16843190993000.0,15.98693848,1.46483265562714,71.4,78.7414634146342,9.08,7.37
586,USA,2014,5107214.0,6.13738822937012,251856000000.0,17550680174000.0,16.19240761,1.62222297740821,73.0,78.8414634146341,9.22,6.17
587,USA,2015,4990709.0,4.95341014862061,511434000000.0,18206020741000.0,16.48109245,0.118627135552435,74.55420245,78.690243902439,9.03,5.28
588,USA,2016,4894503.0,4.79815006256104,474388000000.0,18695110842000.0,16.79314804,1.26158320570537,85.54442129,78.5390243902439,9.46,4.87
589,USA,2017,4819370.0,5.10922002792358,380823000000.0,19477336549000.0,16.76793671,2.13011000365963,87.27488917,78.5390243902439,9.92,4.36
590,USA,2018,4975307.0,4.91233015060425,214715000000.0,20533057312000.0,16.64094353,2.44258329692818,88.49890317,78.6390243902439,10.12,3.9
591,USA,2019,4817719.0,4.98870992660522,314744000000.0,21380976119000.0,16.67647362,1.81221007526015,89.43028486,78.7878048780488,10.42,3.67
592,USA,2020,4817719.0,6.05000019073486,148912000000.0,21060473613000.0,18.81582642,1.23358439630637,90.62047017,76.9804878048781,10.42,8.05
593,USA,2021,4817719.0,6.05000019073486,448324000000.0,23315080560000.0,18.81582642,4.69785886363739,91.75320833,76.3292682926829,10.42,5.35
